org,repo,pr_number,title,state,createdAt,mergedAt,closedAt,isDraft,isCrossRepository,author,additions,deletions,changedFiles,commits_totalCount,participants_totalCount,closingIssues_count,closingIssues_bug_count
heliosdrift,commerce-platform,163,Synthetic PR #163,MERGED,2024-06-01T00:00:00Z,2024-06-03T00:00:00Z,2024-06-03T00:00:00Z,False,False,dcombs39,60,20,1,1,2,0,0
heliosdrift,commerce-platform,159,Synthetic PR #159,MERGED,2024-06-02T00:00:00Z,2024-06-04T00:00:00Z,2024-06-04T00:00:00Z,False,False,bsmith79,120,40,1,1,2,0,0
heliosdrift,commerce-platform,178,Synthetic PR #178,MERGED,2024-06-03T00:00:00Z,2024-06-05T00:00:00Z,2024-06-05T00:00:00Z,False,False,bsmith79,210,70,2,1,2,0,0
heliosdrift,commerce-platform,200,Synthetic PR #200,MERGED,2024-06-04T00:00:00Z,2024-06-06T00:00:00Z,2024-06-06T00:00:00Z,False,False,bsmith79,30,10,1,1,1,0,0
heliosdrift,commerce-platform,205,Synthetic PR #205,MERGED,2024-06-05T00:00:00Z,2024-06-07T00:00:00Z,2024-06-07T00:00:00Z,False,False,dcombs39,60,20,1,1,2,0,0
heliosdrift,commerce-platform,293,Synthetic PR #293,MERGED,2024-06-06T00:00:00Z,2024-06-08T00:00:00Z,2024-06-08T00:00:00Z,False,False,bsmith79,60,20,1,1,2,0,0
heliosdrift,commerce-platform,297,Synthetic PR #297,MERGED,2024-06-07T00:00:00Z,2024-06-09T00:00:00Z,2024-06-09T00:00:00Z,False,False,ryoung93,60,20,1,1,2,0,0
heliosdrift,commerce-platform,310,Synthetic PR #310,MERGED,2024-06-08T00:00:00Z,2024-06-10T00:00:00Z,2024-06-10T00:00:00Z,False,False,ryoung93,30,10,1,1,1,0,0
heliosdrift,commerce-platform,373,Synthetic PR #373,MERGED,2024-06-09T00:00:00Z,2024-06-11T00:00:00Z,2024-06-11T00:00:00Z,False,False,bsmith79,60,20,1,1,1,0,0
heliosdrift,commerce-platform,404,Synthetic PR #404,MERGED,2024-06-10T00:00:00Z,2024-06-12T00:00:00Z,2024-06-12T00:00:00Z,False,False,dcombs39,60,20,1,1,2,0,0
heliosdrift,commerce-platform,399,Synthetic PR #399,MERGED,2024-06-11T00:00:00Z,2024-06-13T00:00:00Z,2024-06-13T00:00:00Z,False,False,bsmith79,60,20,1,1,1,0,0
heliosdrift,commerce-platform,400,Synthetic PR #400,MERGED,2024-06-12T00:00:00Z,2024-06-14T00:00:00Z,2024-06-14T00:00:00Z,False,False,bsmith79,60,20,1,1,2,0,0
heliosdrift,commerce-platform,418,Synthetic PR #418,MERGED,2024-06-13T00:00:00Z,2024-06-15T00:00:00Z,2024-06-15T00:00:00Z,False,False,dcombs39,150,50,1,1,2,0,0
heliosdrift,commerce-platform,439,Synthetic PR #439,MERGED,2024-06-14T00:00:00Z,2024-06-16T00:00:00Z,2024-06-16T00:00:00Z,False,False,dcombs39,120,40,1,1,2,0,0
heliosdrift,commerce-platform,444,Synthetic PR #444,MERGED,2024-06-15T00:00:00Z,2024-06-17T00:00:00Z,2024-06-17T00:00:00Z,False,False,dcombs39,300,100,3,2,3,0,0
heliosdrift,commerce-platform,460,Synthetic PR #460,MERGED,2024-06-16T00:00:00Z,2024-06-18T00:00:00Z,2024-06-18T00:00:00Z,False,False,bsmith79,90,30,1,1,2,0,0
heliosdrift,commerce-platform,685,Synthetic PR #685,MERGED,2024-06-17T00:00:00Z,2024-06-19T00:00:00Z,2024-06-19T00:00:00Z,False,False,dcombs39,60,20,1,1,1,0,0
heliosdrift,commerce-platform,770,Synthetic PR #770,MERGED,2024-06-18T00:00:00Z,2024-06-20T00:00:00Z,2024-06-20T00:00:00Z,False,False,scook74,30,10,1,1,1,0,0
heliosdrift,commerce-platform,777,Synthetic PR #777,MERGED,2024-06-19T00:00:00Z,2024-06-21T00:00:00Z,2024-06-21T00:00:00Z,False,False,bsmith79,120,40,1,1,1,0,0
heliosdrift,commerce-platform,784,Synthetic PR #784,MERGED,2024-06-20T00:00:00Z,2024-06-22T00:00:00Z,2024-06-22T00:00:00Z,False,False,bsmith79,90,30,1,1,2,0,0
heliosdrift,commerce-platform,782,Synthetic PR #782,MERGED,2024-06-21T00:00:00Z,2024-06-23T00:00:00Z,2024-06-23T00:00:00Z,False,False,bsmith79,150,50,1,1,2,0,0
heliosdrift,commerce-platform,781,Synthetic PR #781,MERGED,2024-06-22T00:00:00Z,2024-06-24T00:00:00Z,2024-06-24T00:00:00Z,False,False,bsmith79,30,10,1,1,1,0,0
heliosdrift,commerce-platform,786,Synthetic PR #786,MERGED,2024-06-23T00:00:00Z,2024-06-25T00:00:00Z,2024-06-25T00:00:00Z,False,False,dcombs39,30,10,1,1,1,0,0
heliosdrift,commerce-platform,772,Synthetic PR #772,MERGED,2024-06-24T00:00:00Z,2024-06-26T00:00:00Z,2024-06-26T00:00:00Z,False,False,dcombs39,330,110,3,2,1,0,0
heliosdrift,commerce-platform,788,Synthetic PR #788,MERGED,2024-06-25T00:00:00Z,2024-06-27T00:00:00Z,2024-06-27T00:00:00Z,False,False,bsmith79,420,140,4,3,2,0,0
heliosdrift,commerce-platform,787,Synthetic PR #787,MERGED,2024-06-26T00:00:00Z,2024-06-28T00:00:00Z,2024-06-28T00:00:00Z,False,False,bsmith79,420,140,4,3,3,0,0
heliosdrift,commerce-platform,790,Synthetic PR #790,MERGED,2024-06-27T00:00:00Z,2024-06-29T00:00:00Z,2024-06-29T00:00:00Z,False,False,bsmith79,120,40,1,1,2,0,0
heliosdrift,commerce-platform,793,Synthetic PR #793,MERGED,2024-06-28T00:00:00Z,2024-06-30T00:00:00Z,2024-06-30T00:00:00Z,False,False,bsmith79,30,10,1,1,1,0,0
heliosdrift,commerce-platform,795,Synthetic PR #795,MERGED,2024-06-29T00:00:00Z,2024-07-01T00:00:00Z,2024-07-01T00:00:00Z,False,False,dcombs39,120,40,1,1,2,0,0
heliosdrift,commerce-platform,783,Synthetic PR #783,MERGED,2024-06-30T00:00:00Z,2024-07-02T00:00:00Z,2024-07-02T00:00:00Z,False,False,dcombs39,270,90,3,2,1,0,0
heliosdrift,commerce-platform,789,Synthetic PR #789,MERGED,2024-07-01T00:00:00Z,2024-07-03T00:00:00Z,2024-07-03T00:00:00Z,False,False,dcombs39,300,100,3,2,1,0,0
heliosdrift,commerce-platform,780,Synthetic PR #780,MERGED,2024-07-02T00:00:00Z,2024-07-04T00:00:00Z,2024-07-04T00:00:00Z,False,False,dcombs39,150,50,1,1,2,0,0
heliosdrift,commerce-platform,775,Synthetic PR #775,MERGED,2024-07-03T00:00:00Z,2024-07-05T00:00:00Z,2024-07-05T00:00:00Z,False,False,dcombs39,150,50,1,1,1,0,0
heliosdrift,commerce-platform,773,Synthetic PR #773,MERGED,2024-07-04T00:00:00Z,2024-07-06T00:00:00Z,2024-07-06T00:00:00Z,False,False,dcombs39,120,40,1,1,1,0,0
heliosdrift,commerce-platform,803,Synthetic PR #803,MERGED,2024-07-05T00:00:00Z,2024-07-07T00:00:00Z,2024-07-07T00:00:00Z,False,False,bsmith79,60,20,1,1,2,0,0
heliosdrift,commerce-platform,799,Synthetic PR #799,MERGED,2024-07-06T00:00:00Z,2024-07-08T00:00:00Z,2024-07-08T00:00:00Z,False,False,bsmith79,30,10,1,1,1,0,0
heliosdrift,commerce-platform,802,Synthetic PR #802,MERGED,2024-07-07T00:00:00Z,2024-07-09T00:00:00Z,2024-07-09T00:00:00Z,False,False,bsmith79,60,20,1,1,2,0,0
heliosdrift,commerce-platform,776,Synthetic PR #776,MERGED,2024-07-08T00:00:00Z,2024-07-10T00:00:00Z,2024-07-10T00:00:00Z,False,False,bsmith79,390,130,4,3,3,0,0
heliosdrift,commerce-platform,805,Synthetic PR #805,MERGED,2024-07-09T00:00:00Z,2024-07-11T00:00:00Z,2024-07-11T00:00:00Z,False,False,ryoung93,990,330,11,8,2,0,0
heliosdrift,commerce-platform,809,Synthetic PR #809,MERGED,2024-07-10T00:00:00Z,2024-07-12T00:00:00Z,2024-07-12T00:00:00Z,False,False,ryoung93,210,70,2,1,2,0,0
heliosdrift,commerce-platform,808,Synthetic PR #808,MERGED,2024-07-11T00:00:00Z,2024-07-13T00:00:00Z,2024-07-13T00:00:00Z,False,False,ryoung93,1020,340,11,8,3,0,0
heliosdrift,commerce-platform,801,Synthetic PR #801,MERGED,2024-07-12T00:00:00Z,2024-07-14T00:00:00Z,2024-07-14T00:00:00Z,False,False,wpeterson13,150,50,1,1,2,0,0
heliosdrift,commerce-platform,813,Synthetic PR #813,MERGED,2024-07-13T00:00:00Z,2024-07-15T00:00:00Z,2024-07-15T00:00:00Z,False,False,ryoung93,150,50,1,1,2,0,0
heliosdrift,commerce-platform,814,Synthetic PR #814,MERGED,2024-07-14T00:00:00Z,2024-07-16T00:00:00Z,2024-07-16T00:00:00Z,False,False,ryoung93,180,60,2,1,1,0,0
heliosdrift,commerce-platform,817,Synthetic PR #817,MERGED,2024-07-15T00:00:00Z,2024-07-17T00:00:00Z,2024-07-17T00:00:00Z,False,False,bsmith79,3960,1320,44,33,3,0,0
heliosdrift,commerce-platform,824,Synthetic PR #824,MERGED,2024-07-16T00:00:00Z,2024-07-18T00:00:00Z,2024-07-18T00:00:00Z,False,False,wpeterson13,60,20,1,1,1,0,0
heliosdrift,commerce-platform,836,Synthetic PR #836,MERGED,2024-07-17T00:00:00Z,2024-07-19T00:00:00Z,2024-07-19T00:00:00Z,False,False,bsmith79,30,10,1,1,1,0,0
heliosdrift,commerce-platform,877,Synthetic PR #877,MERGED,2024-07-18T00:00:00Z,2024-07-20T00:00:00Z,2024-07-20T00:00:00Z,False,False,dcombs39,60,20,1,1,1,0,0
heliosdrift,commerce-platform,885,Synthetic PR #885,MERGED,2024-07-19T00:00:00Z,2024-07-21T00:00:00Z,2024-07-21T00:00:00Z,False,False,jbell96,90,30,1,1,3,0,0
heliosdrift,commerce-platform,884,Synthetic PR #884,MERGED,2024-07-20T00:00:00Z,2024-07-22T00:00:00Z,2024-07-22T00:00:00Z,False,False,dcombs39,60,20,1,1,1,0,0
heliosdrift,commerce-platform,897,Synthetic PR #897,MERGED,2024-07-21T00:00:00Z,2024-07-23T00:00:00Z,2024-07-23T00:00:00Z,False,False,bsmith79,1020,340,11,8,2,0,0
heliosdrift,commerce-platform,911,Synthetic PR #911,MERGED,2024-07-22T00:00:00Z,2024-07-24T00:00:00Z,2024-07-24T00:00:00Z,False,False,scook74,120,40,1,1,2,0,0
heliosdrift,commerce-platform,915,Synthetic PR #915,MERGED,2024-07-23T00:00:00Z,2024-07-25T00:00:00Z,2024-07-25T00:00:00Z,False,False,dcombs39,240,80,2,2,4,0,0
heliosdrift,commerce-platform,917,Synthetic PR #917,MERGED,2024-07-24T00:00:00Z,2024-07-26T00:00:00Z,2024-07-26T00:00:00Z,False,False,bsmith79,60,20,1,1,2,0,0
heliosdrift,commerce-platform,918,Synthetic PR #918,MERGED,2024-07-25T00:00:00Z,2024-07-27T00:00:00Z,2024-07-27T00:00:00Z,False,False,bsmith79,60,20,1,1,2,0,0
heliosdrift,commerce-platform,924,Synthetic PR #924,MERGED,2024-07-26T00:00:00Z,2024-07-28T00:00:00Z,2024-07-28T00:00:00Z,False,False,bsmith79,30,10,1,1,1,0,0
heliosdrift,commerce-platform,925,Synthetic PR #925,MERGED,2024-07-27T00:00:00Z,2024-07-29T00:00:00Z,2024-07-29T00:00:00Z,False,False,bsmith79,30,10,1,1,1,0,0
heliosdrift,commerce-platform,912,Synthetic PR #912,MERGED,2024-07-28T00:00:00Z,2024-07-30T00:00:00Z,2024-07-30T00:00:00Z,False,False,bsmith79,240,80,2,2,1,0,0
heliosdrift,commerce-platform,931,Synthetic PR #931,MERGED,2024-07-29T00:00:00Z,2024-07-31T00:00:00Z,2024-07-31T00:00:00Z,False,False,bsmith79,30,10,1,1,1,0,0
heliosdrift,commerce-platform,896,Synthetic PR #896,MERGED,2024-07-30T00:00:00Z,2024-08-01T00:00:00Z,2024-08-01T00:00:00Z,False,False,pbuck38,180,60,2,1,1,0,0
heliosdrift,commerce-platform,914,Synthetic PR #914,MERGED,2024-07-31T00:00:00Z,2024-08-02T00:00:00Z,2024-08-02T00:00:00Z,False,False,dcombs39,150,50,1,1,1,0,0
heliosdrift,commerce-platform,945,Synthetic PR #945,MERGED,2024-08-01T00:00:00Z,2024-08-03T00:00:00Z,2024-08-03T00:00:00Z,False,False,dcombs39,60,20,1,1,1,0,0
heliosdrift,commerce-platform,950,Synthetic PR #950,MERGED,2024-08-02T00:00:00Z,2024-08-04T00:00:00Z,2024-08-04T00:00:00Z,False,False,dcombs39,90,30,1,1,2,0,0
heliosdrift,commerce-platform,953,Synthetic PR #953,MERGED,2024-08-03T00:00:00Z,2024-08-05T00:00:00Z,2024-08-05T00:00:00Z,False,False,dcombs39,30,10,1,1,1,0,0
heliosdrift,commerce-platform,951,Synthetic PR #951,MERGED,2024-08-04T00:00:00Z,2024-08-06T00:00:00Z,2024-08-06T00:00:00Z,False,False,pbuck38,90,30,1,1,2,0,0
heliosdrift,commerce-platform,958,Synthetic PR #958,MERGED,2024-08-05T00:00:00Z,2024-08-07T00:00:00Z,2024-08-07T00:00:00Z,False,False,dcombs39,60,20,1,1,2,0,0
heliosdrift,commerce-platform,973,Synthetic PR #973,MERGED,2024-08-06T00:00:00Z,2024-08-08T00:00:00Z,2024-08-08T00:00:00Z,False,False,dcombs39,120,40,1,1,1,0,0
heliosdrift,commerce-platform,981,Synthetic PR #981,MERGED,2024-08-07T00:00:00Z,2024-08-09T00:00:00Z,2024-08-09T00:00:00Z,False,False,dcombs39,60,20,1,1,1,0,0
heliosdrift,commerce-platform,975,Synthetic PR #975,MERGED,2024-08-08T00:00:00Z,2024-08-10T00:00:00Z,2024-08-10T00:00:00Z,False,False,dcombs39,120,40,1,1,2,0,0
heliosdrift,commerce-platform,1020,Synthetic PR #1020,MERGED,2024-08-09T00:00:00Z,2024-08-11T00:00:00Z,2024-08-11T00:00:00Z,False,False,dcombs39,60,20,1,1,1,0,0
heliosdrift,commerce-platform,1021,Synthetic PR #1021,MERGED,2024-08-10T00:00:00Z,2024-08-12T00:00:00Z,2024-08-12T00:00:00Z,False,False,dcombs39,180,60,2,1,1,0,0
heliosdrift,commerce-platform,1032,Synthetic PR #1032,MERGED,2024-08-11T00:00:00Z,2024-08-13T00:00:00Z,2024-08-13T00:00:00Z,False,False,bsmith79,330,110,3,2,2,0,0
heliosdrift,commerce-platform,1052,Synthetic PR #1052,MERGED,2024-08-12T00:00:00Z,2024-08-14T00:00:00Z,2024-08-14T00:00:00Z,False,False,sdunn41,1020,340,11,8,3,0,0
heliosdrift,commerce-platform,1044,Synthetic PR #1044,MERGED,2024-08-13T00:00:00Z,2024-08-15T00:00:00Z,2024-08-15T00:00:00Z,False,False,bsmith79,210,70,2,1,4,0,0
heliosdrift,commerce-platform,1075,Synthetic PR #1075,MERGED,2024-08-14T00:00:00Z,2024-08-16T00:00:00Z,2024-08-16T00:00:00Z,False,False,bsmith79,210,70,2,1,1,0,0
heliosdrift,commerce-platform,1074,Synthetic PR #1074,MERGED,2024-08-15T00:00:00Z,2024-08-17T00:00:00Z,2024-08-17T00:00:00Z,False,False,bsmith79,120,40,1,1,1,0,0
heliosdrift,commerce-platform,1093,Synthetic PR #1093,MERGED,2024-08-16T00:00:00Z,2024-08-18T00:00:00Z,2024-08-18T00:00:00Z,False,False,bsmith79,150,50,1,1,2,0,0
heliosdrift,commerce-platform,1079,Synthetic PR #1079,MERGED,2024-08-17T00:00:00Z,2024-08-19T00:00:00Z,2024-08-19T00:00:00Z,False,False,bsmith79,30,10,1,1,1,0,0
heliosdrift,commerce-platform,1095,Synthetic PR #1095,MERGED,2024-08-18T00:00:00Z,2024-08-20T00:00:00Z,2024-08-20T00:00:00Z,False,False,bsmith79,630,210,7,5,2,0,0
heliosdrift,commerce-platform,1073,Synthetic PR #1073,MERGED,2024-08-19T00:00:00Z,2024-08-21T00:00:00Z,2024-08-21T00:00:00Z,False,False,bsmith79,90,30,1,1,1,0,0
heliosdrift,commerce-platform,1098,Synthetic PR #1098,MERGED,2024-08-20T00:00:00Z,2024-08-22T00:00:00Z,2024-08-22T00:00:00Z,False,False,dcombs39,510,170,5,4,3,0,0
heliosdrift,commerce-platform,1099,Synthetic PR #1099,MERGED,2024-08-21T00:00:00Z,2024-08-23T00:00:00Z,2024-08-23T00:00:00Z,False,False,bsmith79,330,110,3,2,3,0,0
heliosdrift,commerce-platform,1097,Synthetic PR #1097,MERGED,2024-08-22T00:00:00Z,2024-08-24T00:00:00Z,2024-08-24T00:00:00Z,False,False,bsmith79,420,140,4,3,1,0,0
heliosdrift,commerce-platform,1102,Synthetic PR #1102,MERGED,2024-08-23T00:00:00Z,2024-08-25T00:00:00Z,2024-08-25T00:00:00Z,False,False,dcombs39,90,30,1,1,2,0,0
heliosdrift,commerce-platform,1111,Synthetic PR #1111,MERGED,2024-08-24T00:00:00Z,2024-08-26T00:00:00Z,2024-08-26T00:00:00Z,False,False,sdunn41,90,30,1,1,2,0,0
heliosdrift,commerce-platform,1125,Synthetic PR #1125,MERGED,2024-08-25T00:00:00Z,2024-08-27T00:00:00Z,2024-08-27T00:00:00Z,False,False,drodriguez63,90,30,1,1,2,0,0
heliosdrift,commerce-platform,1114,Synthetic PR #1114,MERGED,2024-08-26T00:00:00Z,2024-08-28T00:00:00Z,2024-08-28T00:00:00Z,False,False,bsmith79,30,10,1,1,1,0,0
heliosdrift,commerce-platform,1146,Synthetic PR #1146,MERGED,2024-08-27T00:00:00Z,2024-08-29T00:00:00Z,2024-08-29T00:00:00Z,False,False,bsmith79,60,20,1,1,2,0,0
heliosdrift,commerce-platform,1147,Synthetic PR #1147,MERGED,2024-08-28T00:00:00Z,2024-08-30T00:00:00Z,2024-08-30T00:00:00Z,False,False,bsmith79,90,30,1,1,1,0,0
heliosdrift,commerce-platform,1113,Synthetic PR #1113,MERGED,2024-08-29T00:00:00Z,2024-08-31T00:00:00Z,2024-08-31T00:00:00Z,False,False,bsmith79,120,40,1,1,1,0,0
heliosdrift,commerce-platform,1161,Synthetic PR #1161,MERGED,2024-08-30T00:00:00Z,2024-09-01T00:00:00Z,2024-09-01T00:00:00Z,False,False,bsmith79,390,130,4,3,2,0,0
heliosdrift,commerce-platform,1170,Synthetic PR #1170,MERGED,2024-08-31T00:00:00Z,2024-09-02T00:00:00Z,2024-09-02T00:00:00Z,False,False,bsmith79,240,80,2,2,3,0,0
heliosdrift,commerce-platform,1172,Synthetic PR #1172,MERGED,2024-09-01T00:00:00Z,2024-09-03T00:00:00Z,2024-09-03T00:00:00Z,False,False,pbuck38,240,80,2,2,3,0,0
heliosdrift,commerce-platform,1152,Synthetic PR #1152,MERGED,2024-09-02T00:00:00Z,2024-09-04T00:00:00Z,2024-09-04T00:00:00Z,False,False,scook74,480,160,5,4,3,0,0
heliosdrift,commerce-platform,1189,Synthetic PR #1189,MERGED,2024-09-03T00:00:00Z,2024-09-05T00:00:00Z,2024-09-05T00:00:00Z,False,False,dcombs39,30,10,1,1,1,0,0
heliosdrift,commerce-platform,1212,Synthetic PR #1212,MERGED,2024-09-04T00:00:00Z,2024-09-06T00:00:00Z,2024-09-06T00:00:00Z,False,False,bsmith79,30,10,1,1,1,0,0
heliosdrift,commerce-platform,1158,Synthetic PR #1158,MERGED,2024-09-05T00:00:00Z,2024-09-07T00:00:00Z,2024-09-07T00:00:00Z,False,False,scook74,150,50,1,1,2,0,0
heliosdrift,commerce-platform,1224,Synthetic PR #1224,MERGED,2024-09-06T00:00:00Z,2024-09-08T00:00:00Z,2024-09-08T00:00:00Z,False,False,pbuck38,60,20,1,1,2,0,0
heliosdrift,commerce-platform,1165,Synthetic PR #1165,MERGED,2024-09-07T00:00:00Z,2024-09-09T00:00:00Z,2024-09-09T00:00:00Z,False,False,bsmith79,390,130,4,3,3,0,0
heliosdrift,commerce-platform,1221,Synthetic PR #1221,MERGED,2024-09-08T00:00:00Z,2024-09-10T00:00:00Z,2024-09-10T00:00:00Z,False,False,pbuck38,60,20,1,1,2,0,0
heliosdrift,commerce-platform,1226,Synthetic PR #1226,MERGED,2024-09-09T00:00:00Z,2024-09-11T00:00:00Z,2024-09-11T00:00:00Z,False,False,bsmith79,30,10,1,1,1,0,0
heliosdrift,commerce-platform,1234,Synthetic PR #1234,MERGED,2024-09-10T00:00:00Z,2024-09-12T00:00:00Z,2024-09-12T00:00:00Z,False,False,dcombs39,120,40,1,1,2,0,0
heliosdrift,commerce-platform,1230,Synthetic PR #1230,MERGED,2024-09-11T00:00:00Z,2024-09-13T00:00:00Z,2024-09-13T00:00:00Z,False,False,bsmith79,120,40,1,1,2,0,0
heliosdrift,commerce-platform,1242,Synthetic PR #1242,MERGED,2024-09-12T00:00:00Z,2024-09-14T00:00:00Z,2024-09-14T00:00:00Z,False,False,bsmith79,300,100,3,2,2,0,0
heliosdrift,commerce-platform,1259,Synthetic PR #1259,MERGED,2024-09-13T00:00:00Z,2024-09-15T00:00:00Z,2024-09-15T00:00:00Z,False,False,sdunn41,390,130,4,3,2,0,0
heliosdrift,commerce-platform,1241,Synthetic PR #1241,MERGED,2024-09-14T00:00:00Z,2024-09-16T00:00:00Z,2024-09-16T00:00:00Z,False,False,dcombs39,120,40,1,1,2,0,0
heliosdrift,commerce-platform,1258,Synthetic PR #1258,MERGED,2024-09-15T00:00:00Z,2024-09-17T00:00:00Z,2024-09-17T00:00:00Z,False,False,bsmith79,210,70,2,1,1,0,0
heliosdrift,commerce-platform,1262,Synthetic PR #1262,MERGED,2024-09-16T00:00:00Z,2024-09-18T00:00:00Z,2024-09-18T00:00:00Z,False,False,dcombs39,120,40,1,1,1,0,0
heliosdrift,commerce-platform,1239,Synthetic PR #1239,MERGED,2024-09-17T00:00:00Z,2024-09-19T00:00:00Z,2024-09-19T00:00:00Z,False,False,dcombs39,360,120,4,3,3,0,0
heliosdrift,commerce-platform,1287,Synthetic PR #1287,MERGED,2024-09-18T00:00:00Z,2024-09-20T00:00:00Z,2024-09-20T00:00:00Z,False,False,sdunn41,300,100,3,2,3,0,0
heliosdrift,commerce-platform,1243,Synthetic PR #1243,MERGED,2024-09-19T00:00:00Z,2024-09-21T00:00:00Z,2024-09-21T00:00:00Z,False,False,bsmith79,30,10,1,1,1,0,0
heliosdrift,commerce-platform,1306,Synthetic PR #1306,MERGED,2024-09-20T00:00:00Z,2024-09-22T00:00:00Z,2024-09-22T00:00:00Z,False,False,bsmith79,600,200,6,5,3,0,0
heliosdrift,commerce-platform,1314,Synthetic PR #1314,MERGED,2024-09-21T00:00:00Z,2024-09-23T00:00:00Z,2024-09-23T00:00:00Z,False,False,bsmith79,210,70,2,1,2,0,0
heliosdrift,commerce-platform,1324,Synthetic PR #1324,MERGED,2024-09-22T00:00:00Z,2024-09-24T00:00:00Z,2024-09-24T00:00:00Z,False,False,bsmith79,180,60,2,1,2,0,0
heliosdrift,commerce-platform,1319,Synthetic PR #1319,MERGED,2024-09-23T00:00:00Z,2024-09-25T00:00:00Z,2024-09-25T00:00:00Z,False,False,sdunn41,300,100,3,2,1,0,0
heliosdrift,commerce-platform,1335,Synthetic PR #1335,MERGED,2024-09-24T00:00:00Z,2024-09-26T00:00:00Z,2024-09-26T00:00:00Z,False,False,bsmith79,60,20,1,1,2,0,0
heliosdrift,commerce-platform,1290,Synthetic PR #1290,MERGED,2024-09-25T00:00:00Z,2024-09-27T00:00:00Z,2024-09-27T00:00:00Z,False,False,bsmith79,240,80,2,2,1,0,0
heliosdrift,commerce-platform,1337,Synthetic PR #1337,MERGED,2024-09-26T00:00:00Z,2024-09-28T00:00:00Z,2024-09-28T00:00:00Z,False,False,bsmith79,600,200,6,5,3,0,0
heliosdrift,commerce-platform,1254,Synthetic PR #1254,MERGED,2024-09-27T00:00:00Z,2024-09-29T00:00:00Z,2024-09-29T00:00:00Z,False,False,bsmith79,60,20,1,1,2,0,0
heliosdrift,commerce-platform,1343,Synthetic PR #1343,MERGED,2024-09-28T00:00:00Z,2024-09-30T00:00:00Z,2024-09-30T00:00:00Z,False,False,sdunn41,390,130,4,3,2,0,0
heliosdrift,commerce-platform,1354,Synthetic PR #1354,MERGED,2024-09-29T00:00:00Z,2024-10-01T00:00:00Z,2024-10-01T00:00:00Z,False,False,sdunn41,1710,570,19,14,3,0,0
heliosdrift,commerce-platform,1304,Synthetic PR #1304,MERGED,2024-09-30T00:00:00Z,2024-10-02T00:00:00Z,2024-10-02T00:00:00Z,False,False,sdunn41,30,10,1,1,1,0,0
heliosdrift,commerce-platform,1355,Synthetic PR #1355,MERGED,2024-10-01T00:00:00Z,2024-10-03T00:00:00Z,2024-10-03T00:00:00Z,False,False,sdunn41,3390,1130,37,28,4,0,0
heliosdrift,commerce-platform,1378,Synthetic PR #1378,MERGED,2024-10-02T00:00:00Z,2024-10-04T00:00:00Z,2024-10-04T00:00:00Z,False,False,bsmith79,1230,410,13,10,3,0,0
heliosdrift,commerce-platform,1380,Synthetic PR #1380,MERGED,2024-10-03T00:00:00Z,2024-10-05T00:00:00Z,2024-10-05T00:00:00Z,False,False,dcombs39,30,10,1,1,1,0,0
heliosdrift,commerce-platform,1214,Synthetic PR #1214,MERGED,2024-10-04T00:00:00Z,2024-10-06T00:00:00Z,2024-10-06T00:00:00Z,False,False,dcombs39,240,80,2,2,1,0,0
heliosdrift,commerce-platform,1402,Synthetic PR #1402,MERGED,2024-10-05T00:00:00Z,2024-10-07T00:00:00Z,2024-10-07T00:00:00Z,False,False,sdunn41,30,10,1,1,1,0,0
heliosdrift,commerce-platform,1413,Synthetic PR #1413,MERGED,2024-10-06T00:00:00Z,2024-10-08T00:00:00Z,2024-10-08T00:00:00Z,False,False,dcombs39,210,70,2,1,2,0,0
heliosdrift,commerce-platform,1386,Synthetic PR #1386,MERGED,2024-10-07T00:00:00Z,2024-10-09T00:00:00Z,2024-10-09T00:00:00Z,False,False,dcombs39,30,10,1,1,1,0,0
heliosdrift,commerce-platform,1388,Synthetic PR #1388,MERGED,2024-10-08T00:00:00Z,2024-10-10T00:00:00Z,2024-10-10T00:00:00Z,False,False,dcombs39,120,40,1,1,3,0,0
heliosdrift,commerce-platform,1407,Synthetic PR #1407,MERGED,2024-10-09T00:00:00Z,2024-10-11T00:00:00Z,2024-10-11T00:00:00Z,False,False,dcombs39,930,310,10,7,3,0,0
heliosdrift,commerce-platform,1436,Synthetic PR #1436,MERGED,2024-10-10T00:00:00Z,2024-10-12T00:00:00Z,2024-10-12T00:00:00Z,False,False,sdunn41,240,80,2,2,2,0,0
heliosdrift,commerce-platform,1431,Synthetic PR #1431,MERGED,2024-10-11T00:00:00Z,2024-10-13T00:00:00Z,2024-10-13T00:00:00Z,False,False,sdunn41,420,140,4,3,3,0,0
heliosdrift,commerce-platform,1416,Synthetic PR #1416,MERGED,2024-10-12T00:00:00Z,2024-10-14T00:00:00Z,2024-10-14T00:00:00Z,False,False,sdunn41,90,30,1,1,3,0,0
heliosdrift,commerce-platform,1344,Synthetic PR #1344,MERGED,2024-10-13T00:00:00Z,2024-10-15T00:00:00Z,2024-10-15T00:00:00Z,False,False,scook74,30,10,1,1,1,0,0
heliosdrift,commerce-platform,1377,Synthetic PR #1377,MERGED,2024-10-14T00:00:00Z,2024-10-16T00:00:00Z,2024-10-16T00:00:00Z,False,False,dcombs39,210,70,2,1,4,0,0
heliosdrift,commerce-platform,1472,Synthetic PR #1472,MERGED,2024-10-15T00:00:00Z,2024-10-17T00:00:00Z,2024-10-17T00:00:00Z,False,False,sdunn41,180,60,2,1,2,0,0
heliosdrift,commerce-platform,1434,Synthetic PR #1434,MERGED,2024-10-16T00:00:00Z,2024-10-18T00:00:00Z,2024-10-18T00:00:00Z,False,False,bsmith79,690,230,7,5,4,0,0
heliosdrift,commerce-platform,1471,Synthetic PR #1471,MERGED,2024-10-17T00:00:00Z,2024-10-19T00:00:00Z,2024-10-19T00:00:00Z,False,False,dcombs39,210,70,2,1,3,0,0
heliosdrift,commerce-platform,1525,Synthetic PR #1525,MERGED,2024-10-18T00:00:00Z,2024-10-20T00:00:00Z,2024-10-20T00:00:00Z,False,False,wpeterson13,150,50,1,1,4,0,0
heliosdrift,commerce-platform,1541,Synthetic PR #1541,MERGED,2024-10-19T00:00:00Z,2024-10-21T00:00:00Z,2024-10-21T00:00:00Z,False,False,dcombs39,90,30,1,1,2,0,0
heliosdrift,commerce-platform,1547,Synthetic PR #1547,MERGED,2024-10-20T00:00:00Z,2024-10-22T00:00:00Z,2024-10-22T00:00:00Z,False,False,scook74,3720,1240,41,31,5,0,0
heliosdrift,commerce-platform,1555,Synthetic PR #1555,MERGED,2024-10-21T00:00:00Z,2024-10-23T00:00:00Z,2024-10-23T00:00:00Z,False,False,sdunn41,840,280,9,7,3,0,0
heliosdrift,commerce-platform,1573,Synthetic PR #1573,MERGED,2024-10-22T00:00:00Z,2024-10-24T00:00:00Z,2024-10-24T00:00:00Z,False,False,dcombs39,60,20,1,1,1,0,0
heliosdrift,commerce-platform,1577,Synthetic PR #1577,MERGED,2024-10-23T00:00:00Z,2024-10-25T00:00:00Z,2024-10-25T00:00:00Z,False,False,sdunn41,720,240,8,6,3,0,0
heliosdrift,commerce-platform,1580,Synthetic PR #1580,MERGED,2024-10-24T00:00:00Z,2024-10-26T00:00:00Z,2024-10-26T00:00:00Z,False,False,sdunn41,210,70,2,1,2,0,0
heliosdrift,commerce-platform,1572,Synthetic PR #1572,MERGED,2024-10-25T00:00:00Z,2024-10-27T00:00:00Z,2024-10-27T00:00:00Z,False,False,sdunn41,1950,650,21,16,4,0,0
heliosdrift,commerce-platform,1584,Synthetic PR #1584,MERGED,2024-10-26T00:00:00Z,2024-10-28T00:00:00Z,2024-10-28T00:00:00Z,False,False,dcombs39,210,70,2,1,3,0,0
heliosdrift,commerce-platform,1593,Synthetic PR #1593,MERGED,2024-10-27T00:00:00Z,2024-10-29T00:00:00Z,2024-10-29T00:00:00Z,False,False,bsmith79,150,50,1,1,3,0,0
heliosdrift,commerce-platform,1469,Synthetic PR #1469,MERGED,2024-10-28T00:00:00Z,2024-10-30T00:00:00Z,2024-10-30T00:00:00Z,False,False,pbuck38,270,90,3,2,3,0,0
heliosdrift,commerce-platform,1607,Synthetic PR #1607,MERGED,2024-10-29T00:00:00Z,2024-10-31T00:00:00Z,2024-10-31T00:00:00Z,False,False,dcombs39,330,110,3,2,3,0,0
heliosdrift,commerce-platform,1601,Synthetic PR #1601,MERGED,2024-10-30T00:00:00Z,2024-11-01T00:00:00Z,2024-11-01T00:00:00Z,False,False,bsmith79,270,90,3,2,3,0,0
heliosdrift,commerce-platform,1602,Synthetic PR #1602,MERGED,2024-10-31T00:00:00Z,2024-11-02T00:00:00Z,2024-11-02T00:00:00Z,False,False,scook74,1230,410,13,10,3,0,0
heliosdrift,commerce-platform,1625,Synthetic PR #1625,MERGED,2024-11-01T00:00:00Z,2024-11-03T00:00:00Z,2024-11-03T00:00:00Z,False,False,sdunn41,3360,1120,37,28,3,0,0
heliosdrift,commerce-platform,1640,Synthetic PR #1640,MERGED,2024-11-02T00:00:00Z,2024-11-04T00:00:00Z,2024-11-04T00:00:00Z,False,False,pbuck38,210,70,2,1,3,0,0
heliosdrift,commerce-platform,1644,Synthetic PR #1644,MERGED,2024-11-03T00:00:00Z,2024-11-05T00:00:00Z,2024-11-05T00:00:00Z,False,False,dcombs39,180,60,2,1,1,0,0
heliosdrift,commerce-platform,1652,Synthetic PR #1652,MERGED,2024-11-04T00:00:00Z,2024-11-06T00:00:00Z,2024-11-06T00:00:00Z,False,False,pbuck38,270,90,3,2,3,0,0
heliosdrift,commerce-platform,1653,Synthetic PR #1653,MERGED,2024-11-05T00:00:00Z,2024-11-07T00:00:00Z,2024-11-07T00:00:00Z,False,False,jrivera79,540,180,6,4,4,0,0
heliosdrift,commerce-platform,1662,Synthetic PR #1662,MERGED,2024-11-06T00:00:00Z,2024-11-08T00:00:00Z,2024-11-08T00:00:00Z,False,False,sdunn41,960,320,10,8,2,0,0
heliosdrift,commerce-platform,1688,Synthetic PR #1688,MERGED,2024-11-07T00:00:00Z,2024-11-09T00:00:00Z,2024-11-09T00:00:00Z,False,False,scook74,2310,770,25,19,4,0,0
heliosdrift,commerce-platform,1673,Synthetic PR #1673,MERGED,2024-11-08T00:00:00Z,2024-11-10T00:00:00Z,2024-11-10T00:00:00Z,False,False,sdunn41,30,10,1,1,1,0,0
heliosdrift,commerce-platform,1692,Synthetic PR #1692,MERGED,2024-11-09T00:00:00Z,2024-11-11T00:00:00Z,2024-11-11T00:00:00Z,False,False,sdunn41,30,10,1,1,1,0,0
heliosdrift,commerce-platform,1664,Synthetic PR #1664,MERGED,2024-11-10T00:00:00Z,2024-11-12T00:00:00Z,2024-11-12T00:00:00Z,False,False,sdunn41,750,250,8,6,3,0,0
heliosdrift,commerce-platform,1705,Synthetic PR #1705,MERGED,2024-11-11T00:00:00Z,2024-11-13T00:00:00Z,2024-11-13T00:00:00Z,False,False,dcombs39,240,80,2,2,1,0,0
heliosdrift,commerce-platform,1701,Synthetic PR #1701,MERGED,2024-11-12T00:00:00Z,2024-11-14T00:00:00Z,2024-11-14T00:00:00Z,False,False,dcombs39,30,10,1,1,1,0,0
heliosdrift,commerce-platform,1667,Synthetic PR #1667,MERGED,2024-11-13T00:00:00Z,2024-11-15T00:00:00Z,2024-11-15T00:00:00Z,False,False,dcombs39,60,20,1,1,2,0,0
heliosdrift,commerce-platform,1659,Synthetic PR #1659,MERGED,2024-11-14T00:00:00Z,2024-11-16T00:00:00Z,2024-11-16T00:00:00Z,False,False,pbuck38,210,70,2,1,3,0,0
heliosdrift,commerce-platform,1603,Synthetic PR #1603,MERGED,2024-11-15T00:00:00Z,2024-11-17T00:00:00Z,2024-11-17T00:00:00Z,False,False,sdunn41,330,110,3,2,3,0,0
heliosdrift,commerce-platform,1716,Synthetic PR #1716,MERGED,2024-11-16T00:00:00Z,2024-11-18T00:00:00Z,2024-11-18T00:00:00Z,False,False,sdunn41,210,70,2,1,2,0,0
heliosdrift,commerce-platform,1740,Synthetic PR #1740,MERGED,2024-11-17T00:00:00Z,2024-11-19T00:00:00Z,2024-11-19T00:00:00Z,False,False,dcombs39,120,40,1,1,3,0,0
heliosdrift,commerce-platform,1742,Synthetic PR #1742,MERGED,2024-11-18T00:00:00Z,2024-11-20T00:00:00Z,2024-11-20T00:00:00Z,False,False,sdunn41,90,30,1,1,2,0,0
heliosdrift,commerce-platform,1747,Synthetic PR #1747,MERGED,2024-11-19T00:00:00Z,2024-11-21T00:00:00Z,2024-11-21T00:00:00Z,False,False,dcombs39,60,20,1,1,1,0,0
heliosdrift,commerce-platform,1748,Synthetic PR #1748,MERGED,2024-11-20T00:00:00Z,2024-11-22T00:00:00Z,2024-11-22T00:00:00Z,False,False,jrivera79,60,20,1,1,2,0,0
heliosdrift,commerce-platform,1706,Synthetic PR #1706,MERGED,2024-11-21T00:00:00Z,2024-11-23T00:00:00Z,2024-11-23T00:00:00Z,False,False,bsmith79,1680,560,18,14,3,0,0
heliosdrift,commerce-platform,1754,Synthetic PR #1754,MERGED,2024-11-22T00:00:00Z,2024-11-24T00:00:00Z,2024-11-24T00:00:00Z,False,False,sdunn41,240,80,2,2,2,0,0
heliosdrift,commerce-platform,1723,Synthetic PR #1723,MERGED,2024-11-23T00:00:00Z,2024-11-25T00:00:00Z,2024-11-25T00:00:00Z,False,False,bsmith79,150,50,1,1,1,0,0
heliosdrift,commerce-platform,1768,Synthetic PR #1768,MERGED,2024-11-24T00:00:00Z,2024-11-26T00:00:00Z,2024-11-26T00:00:00Z,False,False,bsmith79,480,160,5,4,2,0,0
heliosdrift,commerce-platform,1782,Synthetic PR #1782,MERGED,2024-11-25T00:00:00Z,2024-11-27T00:00:00Z,2024-11-27T00:00:00Z,False,False,dcombs39,690,230,7,5,4,0,0
heliosdrift,commerce-platform,1784,Synthetic PR #1784,MERGED,2024-11-26T00:00:00Z,2024-11-28T00:00:00Z,2024-11-28T00:00:00Z,False,False,sdunn41,90,30,1,1,2,0,0
heliosdrift,commerce-platform,1797,Synthetic PR #1797,MERGED,2024-11-27T00:00:00Z,2024-11-29T00:00:00Z,2024-11-29T00:00:00Z,False,False,scook74,600,200,6,5,3,0,0
heliosdrift,commerce-platform,1793,Synthetic PR #1793,MERGED,2024-11-28T00:00:00Z,2024-11-30T00:00:00Z,2024-11-30T00:00:00Z,False,False,dcombs39,390,130,4,3,3,0,0
heliosdrift,commerce-platform,1795,Synthetic PR #1795,MERGED,2024-11-29T00:00:00Z,2024-12-01T00:00:00Z,2024-12-01T00:00:00Z,False,False,dcombs39,720,240,8,6,5,0,0
heliosdrift,commerce-platform,1804,Synthetic PR #1804,MERGED,2024-11-30T00:00:00Z,2024-12-02T00:00:00Z,2024-12-02T00:00:00Z,False,False,scook74,300,100,3,2,4,0,0
heliosdrift,commerce-platform,1815,Synthetic PR #1815,MERGED,2024-12-01T00:00:00Z,2024-12-03T00:00:00Z,2024-12-03T00:00:00Z,False,False,dcombs39,570,190,6,4,5,0,0
heliosdrift,commerce-platform,1816,Synthetic PR #1816,MERGED,2024-12-02T00:00:00Z,2024-12-04T00:00:00Z,2024-12-04T00:00:00Z,False,False,bsmith79,150,50,1,1,2,0,0
heliosdrift,commerce-platform,1819,Synthetic PR #1819,MERGED,2024-12-03T00:00:00Z,2024-12-05T00:00:00Z,2024-12-05T00:00:00Z,False,False,bsmith79,120,40,1,1,1,0,0
heliosdrift,commerce-platform,1825,Synthetic PR #1825,MERGED,2024-12-04T00:00:00Z,2024-12-06T00:00:00Z,2024-12-06T00:00:00Z,False,False,sdunn41,120,40,1,1,1,0,0
heliosdrift,commerce-platform,1830,Synthetic PR #1830,MERGED,2024-12-05T00:00:00Z,2024-12-07T00:00:00Z,2024-12-07T00:00:00Z,False,False,bsmith79,60,20,1,1,1,0,0
heliosdrift,commerce-platform,1835,Synthetic PR #1835,MERGED,2024-12-06T00:00:00Z,2024-12-08T00:00:00Z,2024-12-08T00:00:00Z,False,False,sdunn41,90,30,1,1,1,0,0
heliosdrift,commerce-platform,1833,Synthetic PR #1833,MERGED,2024-12-07T00:00:00Z,2024-12-09T00:00:00Z,2024-12-09T00:00:00Z,False,False,bsmith79,150,50,1,1,1,0,0
heliosdrift,commerce-platform,1842,Synthetic PR #1842,MERGED,2024-12-08T00:00:00Z,2024-12-10T00:00:00Z,2024-12-10T00:00:00Z,False,False,bsmith79,90,30,1,1,2,0,0
heliosdrift,commerce-platform,1843,Synthetic PR #1843,MERGED,2024-12-09T00:00:00Z,2024-12-11T00:00:00Z,2024-12-11T00:00:00Z,False,False,sdunn41,210,70,2,1,2,0,0
heliosdrift,commerce-platform,1849,Synthetic PR #1849,MERGED,2024-12-10T00:00:00Z,2024-12-12T00:00:00Z,2024-12-12T00:00:00Z,False,False,sdunn41,90,30,1,1,2,0,0
heliosdrift,commerce-platform,1846,Synthetic PR #1846,MERGED,2024-12-11T00:00:00Z,2024-12-13T00:00:00Z,2024-12-13T00:00:00Z,False,False,bsmith79,60,20,1,1,1,0,0
heliosdrift,commerce-platform,1850,Synthetic PR #1850,MERGED,2024-12-12T00:00:00Z,2024-12-14T00:00:00Z,2024-12-14T00:00:00Z,False,False,sdunn41,210,70,2,1,1,0,0
heliosdrift,commerce-platform,1853,Synthetic PR #1853,MERGED,2024-12-13T00:00:00Z,2024-12-15T00:00:00Z,2024-12-15T00:00:00Z,False,False,bsmith79,300,100,3,2,3,0,0
heliosdrift,commerce-platform,1870,Synthetic PR #1870,MERGED,2024-12-14T00:00:00Z,2024-12-16T00:00:00Z,2024-12-16T00:00:00Z,False,False,sdunn41,1020,340,11,8,5,0,0
heliosdrift,commerce-platform,1858,Synthetic PR #1858,MERGED,2024-12-15T00:00:00Z,2024-12-17T00:00:00Z,2024-12-17T00:00:00Z,False,False,bsmith79,120,40,1,1,3,0,0
heliosdrift,commerce-platform,1873,Synthetic PR #1873,MERGED,2024-12-16T00:00:00Z,2024-12-18T00:00:00Z,2024-12-18T00:00:00Z,False,False,scook74,780,260,8,6,5,0,0
heliosdrift,commerce-platform,1874,Synthetic PR #1874,MERGED,2024-12-17T00:00:00Z,2024-12-19T00:00:00Z,2024-12-19T00:00:00Z,False,False,bsmith79,510,170,5,4,4,0,0
heliosdrift,commerce-platform,1871,Synthetic PR #1871,MERGED,2024-12-18T00:00:00Z,2024-12-20T00:00:00Z,2024-12-20T00:00:00Z,False,False,jrivera79,810,270,9,6,3,0,0
heliosdrift,commerce-platform,1882,Synthetic PR #1882,MERGED,2024-12-19T00:00:00Z,2024-12-21T00:00:00Z,2024-12-21T00:00:00Z,False,False,scook74,240,80,2,2,4,0,0
heliosdrift,commerce-platform,1894,Synthetic PR #1894,MERGED,2024-12-20T00:00:00Z,2024-12-22T00:00:00Z,2024-12-22T00:00:00Z,False,False,sdunn41,900,300,10,7,2,0,0
heliosdrift,commerce-platform,1717,Synthetic PR #1717,MERGED,2024-12-21T00:00:00Z,2024-12-23T00:00:00Z,2024-12-23T00:00:00Z,False,False,scook74,150,50,1,1,2,0,0
heliosdrift,commerce-platform,1855,Synthetic PR #1855,MERGED,2024-12-22T00:00:00Z,2024-12-24T00:00:00Z,2024-12-24T00:00:00Z,False,False,scook74,270,90,3,2,3,0,0
heliosdrift,commerce-platform,1914,Synthetic PR #1914,MERGED,2024-12-23T00:00:00Z,2024-12-25T00:00:00Z,2024-12-25T00:00:00Z,False,False,sdunn41,1110,370,12,9,3,0,0
heliosdrift,commerce-platform,1902,Synthetic PR #1902,MERGED,2024-12-24T00:00:00Z,2024-12-26T00:00:00Z,2024-12-26T00:00:00Z,False,False,dcombs39,90,30,1,1,2,0,0
heliosdrift,commerce-platform,1912,Synthetic PR #1912,MERGED,2024-12-25T00:00:00Z,2024-12-27T00:00:00Z,2024-12-27T00:00:00Z,False,False,dcombs39,90,30,1,1,2,0,0
heliosdrift,commerce-platform,1937,Synthetic PR #1937,MERGED,2024-12-26T00:00:00Z,2024-12-28T00:00:00Z,2024-12-28T00:00:00Z,False,False,bsmith79,390,130,4,3,3,0,0
heliosdrift,commerce-platform,1938,Synthetic PR #1938,MERGED,2024-12-27T00:00:00Z,2024-12-29T00:00:00Z,2024-12-29T00:00:00Z,False,False,sdunn41,90,30,1,1,2,0,0
heliosdrift,commerce-platform,1936,Synthetic PR #1936,MERGED,2024-12-28T00:00:00Z,2024-12-30T00:00:00Z,2024-12-30T00:00:00Z,False,False,bsmith79,210,70,2,1,3,0,0
heliosdrift,commerce-platform,1959,Synthetic PR #1959,MERGED,2024-12-29T00:00:00Z,2024-12-31T00:00:00Z,2024-12-31T00:00:00Z,False,False,jgarcia13,210,70,2,1,3,0,0
heliosdrift,commerce-platform,1968,Synthetic PR #1968,MERGED,2024-12-30T00:00:00Z,2025-01-01T00:00:00Z,2025-01-01T00:00:00Z,False,False,bsmith79,150,50,1,1,3,0,0
heliosdrift,commerce-platform,1974,Synthetic PR #1974,MERGED,2024-12-31T00:00:00Z,2025-01-02T00:00:00Z,2025-01-02T00:00:00Z,False,False,sdunn41,240,80,2,2,3,0,0
heliosdrift,commerce-platform,1976,Synthetic PR #1976,MERGED,2025-01-01T00:00:00Z,2025-01-03T00:00:00Z,2025-01-03T00:00:00Z,False,False,jrivera79,30,10,1,1,1,0,0
heliosdrift,commerce-platform,1963,Synthetic PR #1963,MERGED,2025-01-02T00:00:00Z,2025-01-04T00:00:00Z,2025-01-04T00:00:00Z,False,False,jrivera79,150,50,1,1,4,0,0
heliosdrift,commerce-platform,1987,Synthetic PR #1987,MERGED,2025-01-03T00:00:00Z,2025-01-05T00:00:00Z,2025-01-05T00:00:00Z,False,False,jgarcia13,90,30,1,1,1,0,0
heliosdrift,commerce-platform,1985,Synthetic PR #1985,MERGED,2025-01-04T00:00:00Z,2025-01-06T00:00:00Z,2025-01-06T00:00:00Z,False,False,dcombs39,30,10,1,1,1,0,0
heliosdrift,commerce-platform,1962,Synthetic PR #1962,MERGED,2025-01-05T00:00:00Z,2025-01-07T00:00:00Z,2025-01-07T00:00:00Z,False,False,sdunn41,390,130,4,3,2,0,0
heliosdrift,commerce-platform,2001,Synthetic PR #2001,MERGED,2025-01-06T00:00:00Z,2025-01-08T00:00:00Z,2025-01-08T00:00:00Z,False,False,jgarcia13,60,20,1,1,1,0,0
heliosdrift,commerce-platform,1995,Synthetic PR #1995,MERGED,2025-01-07T00:00:00Z,2025-01-09T00:00:00Z,2025-01-09T00:00:00Z,False,False,scook74,450,150,5,3,3,0,0
heliosdrift,commerce-platform,1773,Synthetic PR #1773,MERGED,2025-01-08T00:00:00Z,2025-01-10T00:00:00Z,2025-01-10T00:00:00Z,False,False,scook74,750,250,8,6,3,0,0
heliosdrift,commerce-platform,1966,Synthetic PR #1966,MERGED,2025-01-09T00:00:00Z,2025-01-11T00:00:00Z,2025-01-11T00:00:00Z,False,False,dcombs39,450,150,5,3,3,0,0
heliosdrift,commerce-platform,2000,Synthetic PR #2000,MERGED,2025-01-10T00:00:00Z,2025-01-12T00:00:00Z,2025-01-12T00:00:00Z,False,False,sdunn41,1230,410,13,10,4,0,0
heliosdrift,commerce-platform,2015,Synthetic PR #2015,MERGED,2025-01-11T00:00:00Z,2025-01-13T00:00:00Z,2025-01-13T00:00:00Z,False,False,bsmith79,30,10,1,1,1,0,0
heliosdrift,commerce-platform,2021,Synthetic PR #2021,MERGED,2025-01-12T00:00:00Z,2025-01-14T00:00:00Z,2025-01-14T00:00:00Z,False,False,bsmith79,60,20,1,1,2,0,0
heliosdrift,commerce-platform,1854,Synthetic PR #1854,MERGED,2025-01-13T00:00:00Z,2025-01-15T00:00:00Z,2025-01-15T00:00:00Z,False,False,dcombs39,540,180,6,4,3,0,0
heliosdrift,commerce-platform,2031,Synthetic PR #2031,MERGED,2025-01-14T00:00:00Z,2025-01-16T00:00:00Z,2025-01-16T00:00:00Z,False,False,dcombs39,60,20,1,1,2,0,0
heliosdrift,commerce-platform,2087,Synthetic PR #2087,MERGED,2025-01-15T00:00:00Z,2025-01-17T00:00:00Z,2025-01-17T00:00:00Z,False,False,bsmith79,240,80,2,2,2,0,0
heliosdrift,commerce-platform,2112,Synthetic PR #2112,MERGED,2025-01-16T00:00:00Z,2025-01-18T00:00:00Z,2025-01-18T00:00:00Z,False,False,bsmith79,30,10,1,1,1,0,0
heliosdrift,commerce-platform,2108,Synthetic PR #2108,MERGED,2025-01-17T00:00:00Z,2025-01-19T00:00:00Z,2025-01-19T00:00:00Z,False,False,bsmith79,90,30,1,1,2,0,0
heliosdrift,commerce-platform,2124,Synthetic PR #2124,MERGED,2025-01-18T00:00:00Z,2025-01-20T00:00:00Z,2025-01-20T00:00:00Z,False,False,bsmith79,270,90,3,2,3,0,0
heliosdrift,commerce-platform,2123,Synthetic PR #2123,MERGED,2025-01-19T00:00:00Z,2025-01-21T00:00:00Z,2025-01-21T00:00:00Z,False,False,scook74,270,90,3,2,2,0,0
heliosdrift,commerce-platform,2125,Synthetic PR #2125,MERGED,2025-01-20T00:00:00Z,2025-01-22T00:00:00Z,2025-01-22T00:00:00Z,False,False,sdunn41,240,80,2,2,3,0,0
heliosdrift,commerce-platform,2139,Synthetic PR #2139,MERGED,2025-01-21T00:00:00Z,2025-01-23T00:00:00Z,2025-01-23T00:00:00Z,False,False,bsmith79,60,20,1,1,2,0,0
heliosdrift,commerce-platform,2130,Synthetic PR #2130,MERGED,2025-01-22T00:00:00Z,2025-01-24T00:00:00Z,2025-01-24T00:00:00Z,False,False,sdunn41,1080,360,12,9,3,0,0
heliosdrift,commerce-platform,2154,Synthetic PR #2154,MERGED,2025-01-23T00:00:00Z,2025-01-25T00:00:00Z,2025-01-25T00:00:00Z,False,False,dcombs39,300,100,3,2,4,0,0
heliosdrift,commerce-platform,2131,Synthetic PR #2131,MERGED,2025-01-24T00:00:00Z,2025-01-26T00:00:00Z,2025-01-26T00:00:00Z,False,False,bsmith79,180,60,2,1,3,0,0
heliosdrift,commerce-platform,2141,Synthetic PR #2141,MERGED,2025-01-25T00:00:00Z,2025-01-27T00:00:00Z,2025-01-27T00:00:00Z,False,False,dcombs39,60,20,1,1,2,0,0
heliosdrift,commerce-platform,2150,Synthetic PR #2150,MERGED,2025-01-26T00:00:00Z,2025-01-28T00:00:00Z,2025-01-28T00:00:00Z,False,False,jrivera79,570,190,6,4,4,0,0
heliosdrift,commerce-platform,2184,Synthetic PR #2184,MERGED,2025-01-27T00:00:00Z,2025-01-29T00:00:00Z,2025-01-29T00:00:00Z,False,False,sdunn41,1350,450,15,11,5,0,0
heliosdrift,commerce-platform,2197,Synthetic PR #2197,MERGED,2025-01-28T00:00:00Z,2025-01-30T00:00:00Z,2025-01-30T00:00:00Z,False,False,dcombs39,90,30,1,1,2,0,0
heliosdrift,commerce-platform,2204,Synthetic PR #2204,MERGED,2025-01-29T00:00:00Z,2025-01-31T00:00:00Z,2025-01-31T00:00:00Z,False,False,sdunn41,690,230,7,5,3,0,0
heliosdrift,commerce-platform,2183,Synthetic PR #2183,MERGED,2025-01-30T00:00:00Z,2025-02-01T00:00:00Z,2025-02-01T00:00:00Z,False,False,bsmith79,330,110,3,2,3,0,0
heliosdrift,commerce-platform,2187,Synthetic PR #2187,MERGED,2025-01-31T00:00:00Z,2025-02-02T00:00:00Z,2025-02-02T00:00:00Z,False,False,jrivera79,570,190,6,4,3,0,0
heliosdrift,commerce-platform,2224,Synthetic PR #2224,MERGED,2025-02-01T00:00:00Z,2025-02-03T00:00:00Z,2025-02-03T00:00:00Z,False,False,dcombs39,60,20,1,1,2,0,0
heliosdrift,commerce-platform,2220,Synthetic PR #2220,MERGED,2025-02-02T00:00:00Z,2025-02-04T00:00:00Z,2025-02-04T00:00:00Z,False,False,dcombs39,120,40,1,1,1,0,0
heliosdrift,commerce-platform,2210,Synthetic PR #2210,MERGED,2025-02-03T00:00:00Z,2025-02-05T00:00:00Z,2025-02-05T00:00:00Z,False,False,jrivera79,330,110,3,2,3,0,0
heliosdrift,commerce-platform,2234,Synthetic PR #2234,MERGED,2025-02-04T00:00:00Z,2025-02-06T00:00:00Z,2025-02-06T00:00:00Z,False,False,bsmith79,360,120,4,3,3,0,0
heliosdrift,commerce-platform,2239,Synthetic PR #2239,MERGED,2025-02-05T00:00:00Z,2025-02-07T00:00:00Z,2025-02-07T00:00:00Z,False,False,bsmith79,540,180,6,4,4,0,0
heliosdrift,commerce-platform,2240,Synthetic PR #2240,MERGED,2025-02-06T00:00:00Z,2025-02-08T00:00:00Z,2025-02-08T00:00:00Z,False,False,bsmith79,240,80,2,2,2,0,0
heliosdrift,commerce-platform,2241,Synthetic PR #2241,MERGED,2025-02-07T00:00:00Z,2025-02-09T00:00:00Z,2025-02-09T00:00:00Z,False,False,sdunn41,570,190,6,4,3,0,0
heliosdrift,commerce-platform,2179,Synthetic PR #2179,MERGED,2025-02-08T00:00:00Z,2025-02-10T00:00:00Z,2025-02-10T00:00:00Z,False,False,dcombs39,60,20,1,1,2,0,0
heliosdrift,commerce-platform,2246,Synthetic PR #2246,MERGED,2025-02-09T00:00:00Z,2025-02-11T00:00:00Z,2025-02-11T00:00:00Z,False,False,sdunn41,660,220,7,5,2,0,0
heliosdrift,commerce-platform,2243,Synthetic PR #2243,MERGED,2025-02-10T00:00:00Z,2025-02-12T00:00:00Z,2025-02-12T00:00:00Z,False,False,sdunn41,1050,350,11,8,3,0,0
heliosdrift,commerce-platform,2255,Synthetic PR #2255,MERGED,2025-02-11T00:00:00Z,2025-02-13T00:00:00Z,2025-02-13T00:00:00Z,False,False,bsmith79,660,220,7,5,5,0,0
heliosdrift,commerce-platform,2264,Synthetic PR #2264,MERGED,2025-02-12T00:00:00Z,2025-02-14T00:00:00Z,2025-02-14T00:00:00Z,False,False,bsmith79,90,30,1,1,3,0,0
heliosdrift,commerce-platform,2270,Synthetic PR #2270,MERGED,2025-02-13T00:00:00Z,2025-02-15T00:00:00Z,2025-02-15T00:00:00Z,False,False,dcombs39,60,20,1,1,1,0,0
heliosdrift,commerce-platform,2272,Synthetic PR #2272,MERGED,2025-02-14T00:00:00Z,2025-02-16T00:00:00Z,2025-02-16T00:00:00Z,False,False,sdunn41,120,40,1,1,2,0,0
heliosdrift,commerce-platform,2273,Synthetic PR #2273,MERGED,2025-02-15T00:00:00Z,2025-02-17T00:00:00Z,2025-02-17T00:00:00Z,False,False,sdunn41,720,240,8,6,3,0,0
heliosdrift,commerce-platform,2275,Synthetic PR #2275,MERGED,2025-02-16T00:00:00Z,2025-02-18T00:00:00Z,2025-02-18T00:00:00Z,False,False,bsmith79,210,70,2,1,2,0,0
heliosdrift,commerce-platform,2343,Synthetic PR #2343,MERGED,2025-02-17T00:00:00Z,2025-02-19T00:00:00Z,2025-02-19T00:00:00Z,False,False,dcombs39,300,100,3,2,3,0,0
heliosdrift,commerce-platform,2346,Synthetic PR #2346,MERGED,2025-02-18T00:00:00Z,2025-02-20T00:00:00Z,2025-02-20T00:00:00Z,False,False,scook74,60,20,1,1,1,0,0
heliosdrift,commerce-platform,2359,Synthetic PR #2359,MERGED,2025-02-19T00:00:00Z,2025-02-21T00:00:00Z,2025-02-21T00:00:00Z,False,False,mmeyer27,30,10,1,1,1,0,0
heliosdrift,commerce-platform,2358,Synthetic PR #2358,MERGED,2025-02-20T00:00:00Z,2025-02-22T00:00:00Z,2025-02-22T00:00:00Z,False,False,scook74,30,10,1,1,1,0,0
heliosdrift,commerce-platform,2365,Synthetic PR #2365,MERGED,2025-02-21T00:00:00Z,2025-02-23T00:00:00Z,2025-02-23T00:00:00Z,False,False,dcombs39,180,60,2,1,2,0,0
heliosdrift,commerce-platform,2369,Synthetic PR #2369,MERGED,2025-02-22T00:00:00Z,2025-02-24T00:00:00Z,2025-02-24T00:00:00Z,False,False,dcombs39,120,40,1,1,2,0,0
heliosdrift,commerce-platform,2372,Synthetic PR #2372,MERGED,2025-02-23T00:00:00Z,2025-02-25T00:00:00Z,2025-02-25T00:00:00Z,False,False,dcombs39,60,20,1,1,1,0,0
heliosdrift,commerce-platform,2351,Synthetic PR #2351,MERGED,2025-02-24T00:00:00Z,2025-02-26T00:00:00Z,2025-02-26T00:00:00Z,False,False,dcombs39,60,20,1,1,2,0,0
heliosdrift,commerce-platform,2408,Synthetic PR #2408,MERGED,2025-02-25T00:00:00Z,2025-02-27T00:00:00Z,2025-02-27T00:00:00Z,False,False,sdunn41,120,40,1,1,3,0,0
heliosdrift,commerce-platform,2411,Synthetic PR #2411,MERGED,2025-02-26T00:00:00Z,2025-02-28T00:00:00Z,2025-02-28T00:00:00Z,False,False,dcombs39,60,20,1,1,2,0,0
heliosdrift,commerce-platform,2420,Synthetic PR #2420,MERGED,2025-02-27T00:00:00Z,2025-03-01T00:00:00Z,2025-03-01T00:00:00Z,False,False,bsmith79,30,10,1,1,1,0,0
heliosdrift,commerce-platform,2430,Synthetic PR #2430,MERGED,2025-02-28T00:00:00Z,2025-03-02T00:00:00Z,2025-03-02T00:00:00Z,False,False,bsmith79,480,160,5,4,4,0,0
heliosdrift,commerce-platform,2436,Synthetic PR #2436,MERGED,2025-03-01T00:00:00Z,2025-03-03T00:00:00Z,2025-03-03T00:00:00Z,False,False,dcombs39,60,20,1,1,2,0,0
heliosdrift,commerce-platform,2402,Synthetic PR #2402,MERGED,2025-03-02T00:00:00Z,2025-03-04T00:00:00Z,2025-03-04T00:00:00Z,False,False,dcombs39,1050,350,11,8,3,0,0
heliosdrift,commerce-platform,2442,Synthetic PR #2442,MERGED,2025-03-03T00:00:00Z,2025-03-05T00:00:00Z,2025-03-05T00:00:00Z,False,False,bsmith79,690,230,7,5,4,0,0
heliosdrift,commerce-platform,2456,Synthetic PR #2456,MERGED,2025-03-04T00:00:00Z,2025-03-06T00:00:00Z,2025-03-06T00:00:00Z,False,False,dcombs39,60,20,1,1,2,0,0
heliosdrift,commerce-platform,2464,Synthetic PR #2464,MERGED,2025-03-05T00:00:00Z,2025-03-07T00:00:00Z,2025-03-07T00:00:00Z,False,False,dcombs39,90,30,1,1,2,0,0
heliosdrift,commerce-platform,2471,Synthetic PR #2471,MERGED,2025-03-06T00:00:00Z,2025-03-08T00:00:00Z,2025-03-08T00:00:00Z,False,False,dcombs39,270,90,3,2,2,0,0
heliosdrift,commerce-platform,2475,Synthetic PR #2475,MERGED,2025-03-07T00:00:00Z,2025-03-09T00:00:00Z,2025-03-09T00:00:00Z,False,False,dcombs39,1710,570,19,14,6,0,0
heliosdrift,commerce-platform,2508,Synthetic PR #2508,MERGED,2025-03-08T00:00:00Z,2025-03-10T00:00:00Z,2025-03-10T00:00:00Z,False,False,scook74,150,50,1,1,2,0,0
heliosdrift,commerce-platform,2544,Synthetic PR #2544,MERGED,2025-03-09T00:00:00Z,2025-03-11T00:00:00Z,2025-03-11T00:00:00Z,False,False,bsmith79,30,10,1,1,1,0,0
heliosdrift,commerce-platform,2525,Synthetic PR #2525,MERGED,2025-03-10T00:00:00Z,2025-03-12T00:00:00Z,2025-03-12T00:00:00Z,False,False,dcombs39,1860,620,20,15,3,0,0
heliosdrift,commerce-platform,2543,Synthetic PR #2543,MERGED,2025-03-11T00:00:00Z,2025-03-13T00:00:00Z,2025-03-13T00:00:00Z,False,False,dcombs39,120,40,1,1,3,0,0
heliosdrift,commerce-platform,2546,Synthetic PR #2546,MERGED,2025-03-12T00:00:00Z,2025-03-14T00:00:00Z,2025-03-14T00:00:00Z,False,False,bsmith79,60,20,1,1,2,0,0
heliosdrift,commerce-platform,2552,Synthetic PR #2552,MERGED,2025-03-13T00:00:00Z,2025-03-15T00:00:00Z,2025-03-15T00:00:00Z,False,False,dcombs39,630,210,7,5,3,0,0
heliosdrift,commerce-platform,2566,Synthetic PR #2566,MERGED,2025-03-14T00:00:00Z,2025-03-16T00:00:00Z,2025-03-16T00:00:00Z,False,False,dcombs39,30,10,1,1,1,0,0
heliosdrift,commerce-platform,2583,Synthetic PR #2583,MERGED,2025-03-15T00:00:00Z,2025-03-17T00:00:00Z,2025-03-17T00:00:00Z,False,False,dcombs39,90,30,1,1,2,0,0
heliosdrift,commerce-platform,2582,Synthetic PR #2582,MERGED,2025-03-16T00:00:00Z,2025-03-18T00:00:00Z,2025-03-18T00:00:00Z,False,False,sdunn41,150,50,1,1,2,0,0
heliosdrift,commerce-platform,2579,Synthetic PR #2579,MERGED,2025-03-17T00:00:00Z,2025-03-19T00:00:00Z,2025-03-19T00:00:00Z,False,False,bwebster87,60,20,1,1,1,0,0
heliosdrift,commerce-platform,2599,Synthetic PR #2599,MERGED,2025-03-18T00:00:00Z,2025-03-20T00:00:00Z,2025-03-20T00:00:00Z,False,False,sdunn41,3870,1290,43,32,6,0,0
heliosdrift,commerce-platform,2597,Synthetic PR #2597,MERGED,2025-03-19T00:00:00Z,2025-03-21T00:00:00Z,2025-03-21T00:00:00Z,False,False,sdunn41,1620,540,18,13,3,0,0
heliosdrift,commerce-platform,2567,Synthetic PR #2567,MERGED,2025-03-20T00:00:00Z,2025-03-22T00:00:00Z,2025-03-22T00:00:00Z,False,False,dcombs39,150,50,1,1,2,0,0
heliosdrift,commerce-platform,2604,Synthetic PR #2604,MERGED,2025-03-21T00:00:00Z,2025-03-23T00:00:00Z,2025-03-23T00:00:00Z,False,False,dcombs39,330,110,3,2,1,0,0
heliosdrift,commerce-platform,2608,Synthetic PR #2608,MERGED,2025-03-22T00:00:00Z,2025-03-24T00:00:00Z,2025-03-24T00:00:00Z,False,False,dcombs39,90,30,1,1,1,0,0
heliosdrift,commerce-platform,2609,Synthetic PR #2609,MERGED,2025-03-23T00:00:00Z,2025-03-25T00:00:00Z,2025-03-25T00:00:00Z,False,False,dcombs39,30,10,1,1,1,0,0
heliosdrift,commerce-platform,2612,Synthetic PR #2612,MERGED,2025-03-24T00:00:00Z,2025-03-26T00:00:00Z,2025-03-26T00:00:00Z,False,False,sdunn41,210,70,2,1,2,0,0
heliosdrift,commerce-platform,2616,Synthetic PR #2616,MERGED,2025-03-25T00:00:00Z,2025-03-27T00:00:00Z,2025-03-27T00:00:00Z,False,False,sdunn41,90,30,1,1,2,0,0
heliosdrift,commerce-platform,2620,Synthetic PR #2620,MERGED,2025-03-26T00:00:00Z,2025-03-28T00:00:00Z,2025-03-28T00:00:00Z,False,False,dcombs39,150,50,1,1,2,0,0
heliosdrift,commerce-platform,2646,Synthetic PR #2646,MERGED,2025-03-27T00:00:00Z,2025-03-29T00:00:00Z,2025-03-29T00:00:00Z,False,False,sdunn41,90,30,1,1,2,0,0
heliosdrift,commerce-platform,2648,Synthetic PR #2648,MERGED,2025-03-28T00:00:00Z,2025-03-30T00:00:00Z,2025-03-30T00:00:00Z,False,False,dcombs39,2070,690,23,17,4,0,0
heliosdrift,commerce-platform,2628,Synthetic PR #2628,MERGED,2025-03-29T00:00:00Z,2025-03-31T00:00:00Z,2025-03-31T00:00:00Z,False,False,sdunn41,450,150,5,3,3,0,0
heliosdrift,commerce-platform,2659,Synthetic PR #2659,MERGED,2025-03-30T00:00:00Z,2025-04-01T00:00:00Z,2025-04-01T00:00:00Z,False,False,dcombs39,1470,490,16,12,3,0,0
heliosdrift,commerce-platform,2670,Synthetic PR #2670,MERGED,2025-03-31T00:00:00Z,2025-04-02T00:00:00Z,2025-04-02T00:00:00Z,False,False,bsmith79,90,30,1,1,2,0,0
heliosdrift,commerce-platform,2630,Synthetic PR #2630,MERGED,2025-04-01T00:00:00Z,2025-04-03T00:00:00Z,2025-04-03T00:00:00Z,False,False,bwebster87,120,40,1,1,2,0,0
heliosdrift,commerce-platform,2590,Synthetic PR #2590,MERGED,2025-04-02T00:00:00Z,2025-04-04T00:00:00Z,2025-04-04T00:00:00Z,False,False,bsmith79,330,110,3,2,2,0,0
heliosdrift,commerce-platform,2684,Synthetic PR #2684,MERGED,2025-04-03T00:00:00Z,2025-04-05T00:00:00Z,2025-04-05T00:00:00Z,False,False,bwebster87,1410,470,15,11,2,0,0
heliosdrift,commerce-platform,2714,Synthetic PR #2714,MERGED,2025-04-04T00:00:00Z,2025-04-06T00:00:00Z,2025-04-06T00:00:00Z,False,False,sdunn41,180,60,2,1,3,0,0
heliosdrift,commerce-platform,2719,Synthetic PR #2719,MERGED,2025-04-05T00:00:00Z,2025-04-07T00:00:00Z,2025-04-07T00:00:00Z,False,False,sdunn41,90,30,1,1,2,0,0
heliosdrift,commerce-platform,2704,Synthetic PR #2704,MERGED,2025-04-06T00:00:00Z,2025-04-08T00:00:00Z,2025-04-08T00:00:00Z,False,False,sdunn41,60,20,1,1,1,0,0
heliosdrift,commerce-platform,2710,Synthetic PR #2710,MERGED,2025-04-07T00:00:00Z,2025-04-09T00:00:00Z,2025-04-09T00:00:00Z,False,False,bsmith79,840,280,9,7,3,0,0
heliosdrift,commerce-platform,2734,Synthetic PR #2734,MERGED,2025-04-08T00:00:00Z,2025-04-10T00:00:00Z,2025-04-10T00:00:00Z,False,False,scook74,150,50,1,1,2,0,0
heliosdrift,commerce-platform,2729,Synthetic PR #2729,MERGED,2025-04-09T00:00:00Z,2025-04-11T00:00:00Z,2025-04-11T00:00:00Z,False,False,sdunn41,30,10,1,1,1,0,0
heliosdrift,commerce-platform,2738,Synthetic PR #2738,MERGED,2025-04-10T00:00:00Z,2025-04-12T00:00:00Z,2025-04-12T00:00:00Z,False,False,sdunn41,300,100,3,2,2,0,0
heliosdrift,commerce-platform,2751,Synthetic PR #2751,MERGED,2025-04-11T00:00:00Z,2025-04-13T00:00:00Z,2025-04-13T00:00:00Z,False,False,mmeyer27,120,40,1,1,2,0,0
heliosdrift,commerce-platform,2764,Synthetic PR #2764,MERGED,2025-04-12T00:00:00Z,2025-04-14T00:00:00Z,2025-04-14T00:00:00Z,False,False,jrivera79,480,160,5,4,5,0,0
heliosdrift,commerce-platform,2743,Synthetic PR #2743,MERGED,2025-04-13T00:00:00Z,2025-04-15T00:00:00Z,2025-04-15T00:00:00Z,False,False,mmeyer27,1770,590,19,14,5,0,0
heliosdrift,commerce-platform,2771,Synthetic PR #2771,MERGED,2025-04-14T00:00:00Z,2025-04-16T00:00:00Z,2025-04-16T00:00:00Z,False,False,sdunn41,300,100,3,2,3,0,0
heliosdrift,commerce-platform,2770,Synthetic PR #2770,MERGED,2025-04-15T00:00:00Z,2025-04-17T00:00:00Z,2025-04-17T00:00:00Z,False,False,sdunn41,60,20,1,1,2,0,0
heliosdrift,commerce-platform,2777,Synthetic PR #2777,MERGED,2025-04-16T00:00:00Z,2025-04-18T00:00:00Z,2025-04-18T00:00:00Z,False,False,bsmith79,1440,480,16,12,3,0,0
heliosdrift,commerce-platform,2810,Synthetic PR #2810,MERGED,2025-04-17T00:00:00Z,2025-04-19T00:00:00Z,2025-04-19T00:00:00Z,False,False,bsmith79,30,10,1,1,1,0,0
heliosdrift,commerce-platform,2811,Synthetic PR #2811,MERGED,2025-04-18T00:00:00Z,2025-04-20T00:00:00Z,2025-04-20T00:00:00Z,False,False,dcombs39,30,10,1,1,1,0,0
heliosdrift,commerce-platform,2813,Synthetic PR #2813,MERGED,2025-04-19T00:00:00Z,2025-04-21T00:00:00Z,2025-04-21T00:00:00Z,False,False,scook74,90,30,1,1,2,0,0
heliosdrift,commerce-platform,2821,Synthetic PR #2821,MERGED,2025-04-20T00:00:00Z,2025-04-22T00:00:00Z,2025-04-22T00:00:00Z,False,False,sdunn41,420,140,4,3,3,0,0
heliosdrift,commerce-platform,2817,Synthetic PR #2817,MERGED,2025-04-21T00:00:00Z,2025-04-23T00:00:00Z,2025-04-23T00:00:00Z,False,False,dcombs39,2490,830,27,20,3,0,0
heliosdrift,commerce-platform,2737,Synthetic PR #2737,MERGED,2025-04-22T00:00:00Z,2025-04-24T00:00:00Z,2025-04-24T00:00:00Z,False,False,dcombs39,990,330,11,8,3,0,0
heliosdrift,commerce-platform,2861,Synthetic PR #2861,MERGED,2025-04-23T00:00:00Z,2025-04-25T00:00:00Z,2025-04-25T00:00:00Z,False,False,bsmith79,240,80,2,2,3,0,0
heliosdrift,commerce-platform,2867,Synthetic PR #2867,MERGED,2025-04-24T00:00:00Z,2025-04-26T00:00:00Z,2025-04-26T00:00:00Z,False,False,bwebster87,1560,520,17,13,2,0,0
heliosdrift,commerce-platform,2869,Synthetic PR #2869,MERGED,2025-04-25T00:00:00Z,2025-04-27T00:00:00Z,2025-04-27T00:00:00Z,False,False,sdunn41,30,10,1,1,1,0,0
heliosdrift,commerce-platform,2815,Synthetic PR #2815,MERGED,2025-04-26T00:00:00Z,2025-04-28T00:00:00Z,2025-04-28T00:00:00Z,False,False,scook74,240,80,2,2,3,0,0
heliosdrift,commerce-platform,2864,Synthetic PR #2864,MERGED,2025-04-27T00:00:00Z,2025-04-29T00:00:00Z,2025-04-29T00:00:00Z,False,False,bsmith79,360,120,4,3,3,0,0
heliosdrift,commerce-platform,2883,Synthetic PR #2883,MERGED,2025-04-28T00:00:00Z,2025-04-30T00:00:00Z,2025-04-30T00:00:00Z,False,False,bsmith79,1200,400,13,10,4,0,0
heliosdrift,commerce-platform,2907,Synthetic PR #2907,MERGED,2025-04-29T00:00:00Z,2025-05-01T00:00:00Z,2025-05-01T00:00:00Z,False,False,mmeyer27,2130,710,23,17,5,0,0
heliosdrift,commerce-platform,2930,Synthetic PR #2930,MERGED,2025-04-30T00:00:00Z,2025-05-02T00:00:00Z,2025-05-02T00:00:00Z,False,False,dcombs39,90,30,1,1,2,0,0
heliosdrift,commerce-platform,2937,Synthetic PR #2937,MERGED,2025-05-01T00:00:00Z,2025-05-03T00:00:00Z,2025-05-03T00:00:00Z,False,False,dcombs39,990,330,11,8,3,0,0
heliosdrift,commerce-platform,2931,Synthetic PR #2931,MERGED,2025-05-02T00:00:00Z,2025-05-04T00:00:00Z,2025-05-04T00:00:00Z,False,False,scook74,1050,350,11,8,5,0,0
heliosdrift,commerce-platform,2945,Synthetic PR #2945,MERGED,2025-05-03T00:00:00Z,2025-05-05T00:00:00Z,2025-05-05T00:00:00Z,False,False,dcombs39,1080,360,12,9,5,0,0
heliosdrift,commerce-platform,2947,Synthetic PR #2947,MERGED,2025-05-04T00:00:00Z,2025-05-06T00:00:00Z,2025-05-06T00:00:00Z,False,False,sdunn41,1290,430,14,10,4,0,0
heliosdrift,commerce-platform,2949,Synthetic PR #2949,MERGED,2025-05-05T00:00:00Z,2025-05-07T00:00:00Z,2025-05-07T00:00:00Z,False,False,bsmith79,30,10,1,1,1,0,0
heliosdrift,commerce-platform,2921,Synthetic PR #2921,MERGED,2025-05-06T00:00:00Z,2025-05-08T00:00:00Z,2025-05-08T00:00:00Z,False,False,wanderson81,270,90,3,2,2,0,0
heliosdrift,commerce-platform,2952,Synthetic PR #2952,MERGED,2025-05-07T00:00:00Z,2025-05-09T00:00:00Z,2025-05-09T00:00:00Z,False,False,dcombs39,120,40,1,1,2,0,0
heliosdrift,commerce-platform,2953,Synthetic PR #2953,MERGED,2025-05-08T00:00:00Z,2025-05-10T00:00:00Z,2025-05-10T00:00:00Z,False,False,sdunn41,120,40,1,1,3,0,0
heliosdrift,commerce-platform,2956,Synthetic PR #2956,MERGED,2025-05-09T00:00:00Z,2025-05-11T00:00:00Z,2025-05-11T00:00:00Z,False,False,bsmith79,360,120,4,3,3,0,0
heliosdrift,commerce-platform,2961,Synthetic PR #2961,MERGED,2025-05-10T00:00:00Z,2025-05-12T00:00:00Z,2025-05-12T00:00:00Z,False,False,wanderson81,630,210,7,5,4,0,0
heliosdrift,commerce-platform,2975,Synthetic PR #2975,MERGED,2025-05-11T00:00:00Z,2025-05-13T00:00:00Z,2025-05-13T00:00:00Z,False,False,sdunn41,510,170,5,4,4,0,0
heliosdrift,commerce-platform,2973,Synthetic PR #2973,MERGED,2025-05-12T00:00:00Z,2025-05-14T00:00:00Z,2025-05-14T00:00:00Z,False,False,sdunn41,450,150,5,3,3,0,0
heliosdrift,commerce-platform,2971,Synthetic PR #2971,MERGED,2025-05-13T00:00:00Z,2025-05-15T00:00:00Z,2025-05-15T00:00:00Z,False,False,bsmith79,2040,680,22,17,4,0,0
heliosdrift,commerce-platform,2986,Synthetic PR #2986,MERGED,2025-05-14T00:00:00Z,2025-05-16T00:00:00Z,2025-05-16T00:00:00Z,False,False,scook74,360,120,4,3,4,0,0
heliosdrift,commerce-platform,2985,Synthetic PR #2985,MERGED,2025-05-15T00:00:00Z,2025-05-17T00:00:00Z,2025-05-17T00:00:00Z,False,False,scook74,390,130,4,3,4,0,0
heliosdrift,commerce-platform,2970,Synthetic PR #2970,MERGED,2025-05-16T00:00:00Z,2025-05-18T00:00:00Z,2025-05-18T00:00:00Z,False,False,bsmith79,420,140,4,3,2,0,0
heliosdrift,commerce-platform,3002,Synthetic PR #3002,MERGED,2025-05-17T00:00:00Z,2025-05-19T00:00:00Z,2025-05-19T00:00:00Z,False,False,bwebster87,150,50,1,1,2,0,0
heliosdrift,commerce-platform,2997,Synthetic PR #2997,MERGED,2025-05-18T00:00:00Z,2025-05-20T00:00:00Z,2025-05-20T00:00:00Z,False,False,bsmith79,930,310,10,7,4,0,0
heliosdrift,commerce-platform,3004,Synthetic PR #3004,MERGED,2025-05-19T00:00:00Z,2025-05-21T00:00:00Z,2025-05-21T00:00:00Z,False,False,wanderson81,660,220,7,5,5,0,0
heliosdrift,commerce-platform,3006,Synthetic PR #3006,MERGED,2025-05-20T00:00:00Z,2025-05-22T00:00:00Z,2025-05-22T00:00:00Z,False,False,jrivera79,360,120,4,3,5,0,0
heliosdrift,commerce-platform,3007,Synthetic PR #3007,MERGED,2025-05-21T00:00:00Z,2025-05-23T00:00:00Z,2025-05-23T00:00:00Z,False,False,bsmith79,210,70,2,1,3,0,0
heliosdrift,commerce-platform,3013,Synthetic PR #3013,MERGED,2025-05-22T00:00:00Z,2025-05-24T00:00:00Z,2025-05-24T00:00:00Z,False,False,dcombs39,30,10,1,1,1,0,0
heliosdrift,commerce-platform,3015,Synthetic PR #3015,MERGED,2025-05-23T00:00:00Z,2025-05-25T00:00:00Z,2025-05-25T00:00:00Z,False,False,bwebster87,210,70,2,1,3,0,0
heliosdrift,commerce-platform,3018,Synthetic PR #3018,MERGED,2025-05-24T00:00:00Z,2025-05-26T00:00:00Z,2025-05-26T00:00:00Z,False,False,bwebster87,240,80,2,2,2,0,0
heliosdrift,commerce-platform,3023,Synthetic PR #3023,MERGED,2025-05-25T00:00:00Z,2025-05-27T00:00:00Z,2025-05-27T00:00:00Z,False,False,wanderson81,270,90,3,2,3,0,0
heliosdrift,commerce-platform,3008,Synthetic PR #3008,MERGED,2025-05-26T00:00:00Z,2025-05-28T00:00:00Z,2025-05-28T00:00:00Z,False,False,dcombs39,300,100,3,2,2,0,0
heliosdrift,commerce-platform,2978,Synthetic PR #2978,MERGED,2025-05-27T00:00:00Z,2025-05-29T00:00:00Z,2025-05-29T00:00:00Z,False,False,bsmith79,690,230,7,5,4,0,0
heliosdrift,commerce-platform,3030,Synthetic PR #3030,MERGED,2025-05-28T00:00:00Z,2025-05-30T00:00:00Z,2025-05-30T00:00:00Z,False,False,bwebster87,450,150,5,3,3,0,0
heliosdrift,commerce-platform,3031,Synthetic PR #3031,MERGED,2025-05-29T00:00:00Z,2025-05-31T00:00:00Z,2025-05-31T00:00:00Z,False,False,bwebster87,60,20,1,1,1,0,0
heliosdrift,commerce-platform,3033,Synthetic PR #3033,MERGED,2025-05-30T00:00:00Z,2025-06-01T00:00:00Z,2025-06-01T00:00:00Z,False,False,sdunn41,30,10,1,1,1,0,0
heliosdrift,commerce-platform,2980,Synthetic PR #2980,MERGED,2025-05-31T00:00:00Z,2025-06-02T00:00:00Z,2025-06-02T00:00:00Z,False,False,sdunn41,510,170,5,4,4,0,0
heliosdrift,commerce-platform,3043,Synthetic PR #3043,MERGED,2025-06-01T00:00:00Z,2025-06-03T00:00:00Z,2025-06-03T00:00:00Z,False,False,bwebster87,30,10,1,1,1,0,0
heliosdrift,commerce-platform,3044,Synthetic PR #3044,MERGED,2025-06-02T00:00:00Z,2025-06-04T00:00:00Z,2025-06-04T00:00:00Z,False,False,bwebster87,270,90,3,2,2,0,0
heliosdrift,commerce-platform,3040,Synthetic PR #3040,MERGED,2025-06-03T00:00:00Z,2025-06-05T00:00:00Z,2025-06-05T00:00:00Z,False,False,bsmith79,30,10,1,1,1,0,0
heliosdrift,commerce-platform,3051,Synthetic PR #3051,MERGED,2025-06-04T00:00:00Z,2025-06-06T00:00:00Z,2025-06-06T00:00:00Z,False,False,jrivera79,240,80,2,2,3,0,0
heliosdrift,commerce-platform,3047,Synthetic PR #3047,MERGED,2025-06-05T00:00:00Z,2025-06-07T00:00:00Z,2025-06-07T00:00:00Z,False,False,scook74,270,90,3,2,3,0,0
heliosdrift,commerce-platform,2995,Synthetic PR #2995,MERGED,2025-06-06T00:00:00Z,2025-06-08T00:00:00Z,2025-06-08T00:00:00Z,False,False,bsmith79,180,60,2,1,1,0,0
heliosdrift,commerce-platform,3074,Synthetic PR #3074,MERGED,2025-06-07T00:00:00Z,2025-06-09T00:00:00Z,2025-06-09T00:00:00Z,False,False,bwebster87,1950,650,21,16,2,0,0
heliosdrift,commerce-platform,3083,Synthetic PR #3083,MERGED,2025-06-08T00:00:00Z,2025-06-10T00:00:00Z,2025-06-10T00:00:00Z,False,False,sdunn41,330,110,3,2,4,0,0
heliosdrift,commerce-platform,3085,Synthetic PR #3085,MERGED,2025-06-09T00:00:00Z,2025-06-11T00:00:00Z,2025-06-11T00:00:00Z,False,False,sdunn41,360,120,4,3,3,0,0
heliosdrift,commerce-platform,3090,Synthetic PR #3090,MERGED,2025-06-10T00:00:00Z,2025-06-12T00:00:00Z,2025-06-12T00:00:00Z,False,False,bwebster87,1770,590,19,14,2,0,0
heliosdrift,commerce-platform,3092,Synthetic PR #3092,MERGED,2025-06-11T00:00:00Z,2025-06-13T00:00:00Z,2025-06-13T00:00:00Z,False,False,bwebster87,2130,710,23,17,1,0,0
heliosdrift,commerce-platform,3093,Synthetic PR #3093,MERGED,2025-06-12T00:00:00Z,2025-06-14T00:00:00Z,2025-06-14T00:00:00Z,False,False,bwebster87,1530,510,17,12,1,0,0
heliosdrift,commerce-platform,3094,Synthetic PR #3094,MERGED,2025-06-13T00:00:00Z,2025-06-15T00:00:00Z,2025-06-15T00:00:00Z,False,False,bsmith79,90,30,1,1,2,0,0
heliosdrift,commerce-platform,3102,Synthetic PR #3102,MERGED,2025-06-14T00:00:00Z,2025-06-16T00:00:00Z,2025-06-16T00:00:00Z,False,False,bwebster87,1530,510,17,12,1,0,0
heliosdrift,commerce-platform,3097,Synthetic PR #3097,MERGED,2025-06-15T00:00:00Z,2025-06-17T00:00:00Z,2025-06-17T00:00:00Z,False,False,scook74,240,80,2,2,4,0,0
heliosdrift,commerce-platform,3108,Synthetic PR #3108,MERGED,2025-06-16T00:00:00Z,2025-06-18T00:00:00Z,2025-06-18T00:00:00Z,False,False,sdunn41,270,90,3,2,3,0,0
heliosdrift,commerce-platform,3041,Synthetic PR #3041,MERGED,2025-06-17T00:00:00Z,2025-06-19T00:00:00Z,2025-06-19T00:00:00Z,False,False,wanderson81,1350,450,15,11,3,0,0
heliosdrift,commerce-platform,3114,Synthetic PR #3114,MERGED,2025-06-18T00:00:00Z,2025-06-20T00:00:00Z,2025-06-20T00:00:00Z,False,False,scook74,420,140,4,3,3,0,0
heliosdrift,commerce-platform,3123,Synthetic PR #3123,MERGED,2025-06-19T00:00:00Z,2025-06-21T00:00:00Z,2025-06-21T00:00:00Z,False,False,sdunn41,870,290,9,7,3,0,0
heliosdrift,commerce-platform,3141,Synthetic PR #3141,MERGED,2025-06-20T00:00:00Z,2025-06-22T00:00:00Z,2025-06-22T00:00:00Z,False,False,dcombs39,480,160,5,4,5,0,0
heliosdrift,commerce-platform,3152,Synthetic PR #3152,MERGED,2025-06-21T00:00:00Z,2025-06-23T00:00:00Z,2025-06-23T00:00:00Z,False,False,scook74,450,150,5,3,5,0,0
heliosdrift,commerce-platform,3155,Synthetic PR #3155,MERGED,2025-06-22T00:00:00Z,2025-06-24T00:00:00Z,2025-06-24T00:00:00Z,False,False,bwebster87,150,50,1,1,3,0,0
heliosdrift,commerce-platform,3154,Synthetic PR #3154,MERGED,2025-06-23T00:00:00Z,2025-06-25T00:00:00Z,2025-06-25T00:00:00Z,False,False,dcombs39,420,140,4,3,3,0,0
heliosdrift,commerce-platform,3159,Synthetic PR #3159,MERGED,2025-06-24T00:00:00Z,2025-06-26T00:00:00Z,2025-06-26T00:00:00Z,False,False,mchapman99,30,10,1,1,1,0,0
heliosdrift,commerce-platform,3162,Synthetic PR #3162,MERGED,2025-06-25T00:00:00Z,2025-06-27T00:00:00Z,2025-06-27T00:00:00Z,False,False,dcombs39,90,30,1,1,2,0,0
heliosdrift,commerce-platform,3186,Synthetic PR #3186,MERGED,2025-06-26T00:00:00Z,2025-06-28T00:00:00Z,2025-06-28T00:00:00Z,False,False,dcombs39,30,10,1,1,1,0,0
heliosdrift,commerce-platform,3197,Synthetic PR #3197,MERGED,2025-06-27T00:00:00Z,2025-06-29T00:00:00Z,2025-06-29T00:00:00Z,False,False,dcombs39,630,210,7,5,4,0,0
heliosdrift,commerce-platform,3205,Synthetic PR #3205,MERGED,2025-06-28T00:00:00Z,2025-06-30T00:00:00Z,2025-06-30T00:00:00Z,False,False,dcombs39,90,30,1,1,2,0,0
heliosdrift,commerce-platform,3203,Synthetic PR #3203,MERGED,2025-06-29T00:00:00Z,2025-07-01T00:00:00Z,2025-07-01T00:00:00Z,False,False,mchapman99,180,60,2,1,2,0,0
heliosdrift,commerce-platform,3190,Synthetic PR #3190,MERGED,2025-06-30T00:00:00Z,2025-07-02T00:00:00Z,2025-07-02T00:00:00Z,False,False,bsmith79,90,30,1,1,2,0,0
heliosdrift,commerce-platform,3110,Synthetic PR #3110,MERGED,2025-07-01T00:00:00Z,2025-07-03T00:00:00Z,2025-07-03T00:00:00Z,False,False,bwebster87,420,140,4,3,3,0,0
heliosdrift,commerce-platform,3210,Synthetic PR #3210,MERGED,2025-07-02T00:00:00Z,2025-07-04T00:00:00Z,2025-07-04T00:00:00Z,False,False,bwebster87,180,60,2,1,2,0,0
heliosdrift,commerce-platform,3219,Synthetic PR #3219,MERGED,2025-07-03T00:00:00Z,2025-07-05T00:00:00Z,2025-07-05T00:00:00Z,False,False,sdunn41,90,30,1,1,1,0,0
heliosdrift,commerce-platform,3221,Synthetic PR #3221,MERGED,2025-07-04T00:00:00Z,2025-07-06T00:00:00Z,2025-07-06T00:00:00Z,False,False,sdunn41,60,20,1,1,2,0,0
heliosdrift,commerce-platform,3223,Synthetic PR #3223,MERGED,2025-07-05T00:00:00Z,2025-07-07T00:00:00Z,2025-07-07T00:00:00Z,False,False,mchapman99,240,80,2,2,2,0,0
heliosdrift,commerce-platform,3237,Synthetic PR #3237,MERGED,2025-07-06T00:00:00Z,2025-07-08T00:00:00Z,2025-07-08T00:00:00Z,False,False,dcombs39,510,170,5,4,2,0,0
heliosdrift,commerce-platform,3241,Synthetic PR #3241,MERGED,2025-07-07T00:00:00Z,2025-07-09T00:00:00Z,2025-07-09T00:00:00Z,False,False,sdunn41,180,60,2,1,2,0,0
heliosdrift,commerce-platform,3244,Synthetic PR #3244,MERGED,2025-07-08T00:00:00Z,2025-07-10T00:00:00Z,2025-07-10T00:00:00Z,False,False,dcombs39,210,70,2,1,2,0,0
heliosdrift,commerce-platform,3250,Synthetic PR #3250,MERGED,2025-07-09T00:00:00Z,2025-07-11T00:00:00Z,2025-07-11T00:00:00Z,False,False,mchapman99,240,80,2,2,2,0,0
heliosdrift,commerce-platform,3187,Synthetic PR #3187,MERGED,2025-07-10T00:00:00Z,2025-07-12T00:00:00Z,2025-07-12T00:00:00Z,False,False,sdunn41,1590,530,17,13,4,0,0
heliosdrift,commerce-platform,3191,Synthetic PR #3191,MERGED,2025-07-11T00:00:00Z,2025-07-13T00:00:00Z,2025-07-13T00:00:00Z,False,False,dcombs39,240,80,2,2,2,0,0
heliosdrift,commerce-platform,3213,Synthetic PR #3213,MERGED,2025-07-12T00:00:00Z,2025-07-14T00:00:00Z,2025-07-14T00:00:00Z,False,False,sdunn41,210,70,2,1,2,0,0
heliosdrift,commerce-platform,3256,Synthetic PR #3256,MERGED,2025-07-13T00:00:00Z,2025-07-15T00:00:00Z,2025-07-15T00:00:00Z,False,False,sdunn41,150,50,1,1,2,0,0
heliosdrift,commerce-platform,3087,Synthetic PR #3087,MERGED,2025-07-14T00:00:00Z,2025-07-16T00:00:00Z,2025-07-16T00:00:00Z,False,False,sdunn41,360,120,4,3,3,0,0
heliosdrift,commerce-platform,3172,Synthetic PR #3172,MERGED,2025-07-15T00:00:00Z,2025-07-17T00:00:00Z,2025-07-17T00:00:00Z,False,False,sdunn41,510,170,5,4,2,0,0
heliosdrift,commerce-platform,3272,Synthetic PR #3272,MERGED,2025-07-16T00:00:00Z,2025-07-18T00:00:00Z,2025-07-18T00:00:00Z,False,False,bwebster87,210,70,2,1,2,0,0
heliosdrift,commerce-platform,3276,Synthetic PR #3276,MERGED,2025-07-17T00:00:00Z,2025-07-19T00:00:00Z,2025-07-19T00:00:00Z,False,False,dcombs39,780,260,8,6,3,0,0
heliosdrift,commerce-platform,3282,Synthetic PR #3282,MERGED,2025-07-18T00:00:00Z,2025-07-20T00:00:00Z,2025-07-20T00:00:00Z,False,False,bwebster87,150,50,1,1,2,0,0
heliosdrift,commerce-platform,3278,Synthetic PR #3278,MERGED,2025-07-19T00:00:00Z,2025-07-21T00:00:00Z,2025-07-21T00:00:00Z,False,False,mchapman99,60,20,1,1,2,0,0
heliosdrift,commerce-platform,3252,Synthetic PR #3252,MERGED,2025-07-20T00:00:00Z,2025-07-22T00:00:00Z,2025-07-22T00:00:00Z,False,False,dcombs39,30,10,1,1,1,0,0
heliosdrift,commerce-platform,3294,Synthetic PR #3294,MERGED,2025-07-21T00:00:00Z,2025-07-23T00:00:00Z,2025-07-23T00:00:00Z,False,False,sdunn41,150,50,1,1,3,0,0
heliosdrift,commerce-platform,3311,Synthetic PR #3311,MERGED,2025-07-22T00:00:00Z,2025-07-24T00:00:00Z,2025-07-24T00:00:00Z,False,False,dcombs39,150,50,1,1,3,0,0
heliosdrift,commerce-platform,3312,Synthetic PR #3312,MERGED,2025-07-23T00:00:00Z,2025-07-25T00:00:00Z,2025-07-25T00:00:00Z,False,False,bwebster87,240,80,2,2,2,0,0
heliosdrift,commerce-platform,3315,Synthetic PR #3315,MERGED,2025-07-24T00:00:00Z,2025-07-26T00:00:00Z,2025-07-26T00:00:00Z,False,False,mchapman99,60,20,1,1,2,0,0
heliosdrift,commerce-platform,3319,Synthetic PR #3319,MERGED,2025-07-25T00:00:00Z,2025-07-27T00:00:00Z,2025-07-27T00:00:00Z,False,False,sdunn41,60,20,1,1,1,0,0
heliosdrift,commerce-platform,3257,Synthetic PR #3257,MERGED,2025-07-26T00:00:00Z,2025-07-28T00:00:00Z,2025-07-28T00:00:00Z,False,False,sdunn41,1230,410,13,10,2,0,0
heliosdrift,commerce-platform,3321,Synthetic PR #3321,MERGED,2025-07-27T00:00:00Z,2025-07-29T00:00:00Z,2025-07-29T00:00:00Z,False,False,sdunn41,30,10,1,1,1,0,0
heliosdrift,commerce-platform,3323,Synthetic PR #3323,MERGED,2025-07-28T00:00:00Z,2025-07-30T00:00:00Z,2025-07-30T00:00:00Z,False,False,sdunn41,480,160,5,4,5,0,0
heliosdrift,commerce-platform,3329,Synthetic PR #3329,MERGED,2025-07-29T00:00:00Z,2025-07-31T00:00:00Z,2025-07-31T00:00:00Z,False,False,dcombs39,1890,630,21,15,3,0,0
heliosdrift,commerce-platform,3192,Synthetic PR #3192,MERGED,2025-07-30T00:00:00Z,2025-08-01T00:00:00Z,2025-08-01T00:00:00Z,False,False,dcombs39,150,50,1,1,2,0,0
heliosdrift,commerce-platform,3334,Synthetic PR #3334,MERGED,2025-07-31T00:00:00Z,2025-08-02T00:00:00Z,2025-08-02T00:00:00Z,False,False,dcombs39,120,40,1,1,3,0,0
heliosdrift,commerce-platform,3341,Synthetic PR #3341,MERGED,2025-08-01T00:00:00Z,2025-08-03T00:00:00Z,2025-08-03T00:00:00Z,False,False,jrivera79,630,210,7,5,4,0,0
heliosdrift,commerce-platform,3352,Synthetic PR #3352,MERGED,2025-08-02T00:00:00Z,2025-08-04T00:00:00Z,2025-08-04T00:00:00Z,False,False,mmeyer27,990,330,11,8,3,0,0
heliosdrift,commerce-platform,3350,Synthetic PR #3350,MERGED,2025-08-03T00:00:00Z,2025-08-05T00:00:00Z,2025-08-05T00:00:00Z,False,False,dcombs39,90,30,1,1,1,0,0
heliosdrift,commerce-platform,3365,Synthetic PR #3365,MERGED,2025-08-04T00:00:00Z,2025-08-06T00:00:00Z,2025-08-06T00:00:00Z,False,False,sdunn41,90,30,1,1,1,0,0
heliosdrift,commerce-platform,3392,Synthetic PR #3392,MERGED,2025-08-05T00:00:00Z,2025-08-07T00:00:00Z,2025-08-07T00:00:00Z,False,False,sdunn41,330,110,3,2,3,0,0
heliosdrift,commerce-platform,3394,Synthetic PR #3394,MERGED,2025-08-06T00:00:00Z,2025-08-08T00:00:00Z,2025-08-08T00:00:00Z,False,False,bsmith79,90,30,1,1,2,0,0
heliosdrift,commerce-platform,3408,Synthetic PR #3408,MERGED,2025-08-07T00:00:00Z,2025-08-09T00:00:00Z,2025-08-09T00:00:00Z,False,False,mmeyer27,90,30,1,1,2,0,0
heliosdrift,commerce-platform,3385,Synthetic PR #3385,MERGED,2025-08-08T00:00:00Z,2025-08-10T00:00:00Z,2025-08-10T00:00:00Z,False,False,dcombs39,90,30,1,1,2,0,0
heliosdrift,commerce-platform,3407,Synthetic PR #3407,MERGED,2025-08-09T00:00:00Z,2025-08-11T00:00:00Z,2025-08-11T00:00:00Z,False,False,dcombs39,690,230,7,5,3,0,0
heliosdrift,commerce-platform,3376,Synthetic PR #3376,MERGED,2025-08-10T00:00:00Z,2025-08-12T00:00:00Z,2025-08-12T00:00:00Z,False,False,wpeterson13,60,20,1,1,2,0,0
heliosdrift,commerce-platform,3415,Synthetic PR #3415,MERGED,2025-08-11T00:00:00Z,2025-08-13T00:00:00Z,2025-08-13T00:00:00Z,False,False,dcombs39,120,40,1,1,2,0,0
heliosdrift,commerce-platform,3420,Synthetic PR #3420,MERGED,2025-08-12T00:00:00Z,2025-08-14T00:00:00Z,2025-08-14T00:00:00Z,False,False,jrivera79,30,10,1,1,1,0,0
heliosdrift,commerce-platform,3436,Synthetic PR #3436,MERGED,2025-08-13T00:00:00Z,2025-08-15T00:00:00Z,2025-08-15T00:00:00Z,False,False,dcombs39,90,30,1,1,1,0,0
heliosdrift,commerce-platform,3446,Synthetic PR #3446,MERGED,2025-08-14T00:00:00Z,2025-08-16T00:00:00Z,2025-08-16T00:00:00Z,False,False,mmeyer27,210,70,2,1,3,0,0
heliosdrift,commerce-platform,3450,Synthetic PR #3450,MERGED,2025-08-15T00:00:00Z,2025-08-17T00:00:00Z,2025-08-17T00:00:00Z,False,False,wanderson81,1020,340,11,8,3,0,0
heliosdrift,commerce-platform,3377,Synthetic PR #3377,MERGED,2025-08-16T00:00:00Z,2025-08-18T00:00:00Z,2025-08-18T00:00:00Z,False,False,sdunn41,570,190,6,4,2,0,0
heliosdrift,commerce-platform,3451,Synthetic PR #3451,MERGED,2025-08-17T00:00:00Z,2025-08-19T00:00:00Z,2025-08-19T00:00:00Z,False,False,bsmith79,30,10,1,1,1,0,0
heliosdrift,commerce-platform,3442,Synthetic PR #3442,MERGED,2025-08-18T00:00:00Z,2025-08-20T00:00:00Z,2025-08-20T00:00:00Z,False,False,dcombs39,180,60,2,1,2,0,0
heliosdrift,commerce-platform,3435,Synthetic PR #3435,MERGED,2025-08-19T00:00:00Z,2025-08-21T00:00:00Z,2025-08-21T00:00:00Z,False,False,bsmith79,210,70,2,1,3,0,0
heliosdrift,commerce-platform,3460,Synthetic PR #3460,MERGED,2025-08-20T00:00:00Z,2025-08-22T00:00:00Z,2025-08-22T00:00:00Z,False,False,bsmith79,330,110,3,2,4,0,0
heliosdrift,commerce-platform,3474,Synthetic PR #3474,MERGED,2025-08-21T00:00:00Z,2025-08-23T00:00:00Z,2025-08-23T00:00:00Z,False,False,bsmith79,810,270,9,6,4,0,0
heliosdrift,commerce-platform,3477,Synthetic PR #3477,MERGED,2025-08-22T00:00:00Z,2025-08-24T00:00:00Z,2025-08-24T00:00:00Z,False,False,wanderson81,150,50,1,1,3,0,0
heliosdrift,commerce-platform,3417,Synthetic PR #3417,MERGED,2025-08-23T00:00:00Z,2025-08-25T00:00:00Z,2025-08-25T00:00:00Z,False,False,wanderson81,660,220,7,5,3,0,0
heliosdrift,commerce-platform,3482,Synthetic PR #3482,MERGED,2025-08-24T00:00:00Z,2025-08-26T00:00:00Z,2025-08-26T00:00:00Z,False,False,bwebster87,1050,350,11,8,3,0,0
heliosdrift,commerce-platform,3483,Synthetic PR #3483,MERGED,2025-08-25T00:00:00Z,2025-08-27T00:00:00Z,2025-08-27T00:00:00Z,False,False,bwebster87,1830,610,20,15,1,0,0
heliosdrift,commerce-platform,3491,Synthetic PR #3491,MERGED,2025-08-26T00:00:00Z,2025-08-28T00:00:00Z,2025-08-28T00:00:00Z,False,False,sdunn41,210,70,2,1,3,0,0
heliosdrift,commerce-platform,3492,Synthetic PR #3492,MERGED,2025-08-27T00:00:00Z,2025-08-29T00:00:00Z,2025-08-29T00:00:00Z,False,False,sdunn41,150,50,1,1,2,0,0
heliosdrift,commerce-platform,3498,Synthetic PR #3498,MERGED,2025-08-28T00:00:00Z,2025-08-30T00:00:00Z,2025-08-30T00:00:00Z,False,False,sdunn41,30,10,1,1,1,0,0
heliosdrift,commerce-platform,3513,Synthetic PR #3513,MERGED,2025-08-29T00:00:00Z,2025-08-31T00:00:00Z,2025-08-31T00:00:00Z,False,False,dcombs39,300,100,3,2,3,0,0
heliosdrift,commerce-platform,3512,Synthetic PR #3512,MERGED,2025-08-30T00:00:00Z,2025-09-01T00:00:00Z,2025-09-01T00:00:00Z,False,False,bsmith79,120,40,1,1,3,0,0
heliosdrift,commerce-platform,3518,Synthetic PR #3518,MERGED,2025-08-31T00:00:00Z,2025-09-02T00:00:00Z,2025-09-02T00:00:00Z,False,False,bsmith79,180,60,2,1,1,0,0
heliosdrift,commerce-platform,3414,Synthetic PR #3414,MERGED,2025-09-01T00:00:00Z,2025-09-03T00:00:00Z,2025-09-03T00:00:00Z,False,False,dcombs39,1020,340,11,8,3,0,0
heliosdrift,commerce-platform,3522,Synthetic PR #3522,MERGED,2025-09-02T00:00:00Z,2025-09-04T00:00:00Z,2025-09-04T00:00:00Z,False,False,bsmith79,60,20,1,1,1,0,0
heliosdrift,commerce-platform,3528,Synthetic PR #3528,MERGED,2025-09-03T00:00:00Z,2025-09-05T00:00:00Z,2025-09-05T00:00:00Z,False,False,dcombs39,120,40,1,1,2,0,0
heliosdrift,commerce-platform,3531,Synthetic PR #3531,MERGED,2025-09-04T00:00:00Z,2025-09-06T00:00:00Z,2025-09-06T00:00:00Z,False,False,dcombs39,480,160,5,4,4,0,0
heliosdrift,commerce-platform,3510,Synthetic PR #3510,MERGED,2025-09-05T00:00:00Z,2025-09-07T00:00:00Z,2025-09-07T00:00:00Z,False,False,sdunn41,420,140,4,3,2,0,0
heliosdrift,commerce-platform,3553,Synthetic PR #3553,MERGED,2025-09-06T00:00:00Z,2025-09-08T00:00:00Z,2025-09-08T00:00:00Z,False,False,jrivera79,450,150,5,3,5,0,0
heliosdrift,commerce-platform,3552,Synthetic PR #3552,MERGED,2025-09-07T00:00:00Z,2025-09-09T00:00:00Z,2025-09-09T00:00:00Z,False,False,bsmith79,90,30,1,1,3,0,0
heliosdrift,commerce-platform,3549,Synthetic PR #3549,MERGED,2025-09-08T00:00:00Z,2025-09-10T00:00:00Z,2025-09-10T00:00:00Z,False,False,dcombs39,210,70,2,1,3,0,0
heliosdrift,commerce-platform,3589,Synthetic PR #3589,MERGED,2025-09-09T00:00:00Z,2025-09-11T00:00:00Z,2025-09-11T00:00:00Z,False,False,sdunn41,150,50,1,1,2,0,0
heliosdrift,commerce-platform,3586,Synthetic PR #3586,MERGED,2025-09-10T00:00:00Z,2025-09-12T00:00:00Z,2025-09-12T00:00:00Z,False,False,sdunn41,30,10,1,1,1,0,0
heliosdrift,commerce-platform,3570,Synthetic PR #3570,MERGED,2025-09-11T00:00:00Z,2025-09-13T00:00:00Z,2025-09-13T00:00:00Z,False,False,jrivera79,60,20,1,1,2,0,0
heliosdrift,commerce-platform,3649,Synthetic PR #3649,MERGED,2025-09-12T00:00:00Z,2025-09-14T00:00:00Z,2025-09-14T00:00:00Z,False,False,sdunn41,60,20,1,1,2,0,0
heliosdrift,commerce-platform,3653,Synthetic PR #3653,MERGED,2025-09-13T00:00:00Z,2025-09-15T00:00:00Z,2025-09-15T00:00:00Z,False,False,dcombs39,60,20,1,1,2,0,0
heliosdrift,commerce-platform,3688,Synthetic PR #3688,MERGED,2025-09-14T00:00:00Z,2025-09-16T00:00:00Z,2025-09-16T00:00:00Z,False,False,sdunn41,60,20,1,1,2,0,0
heliosdrift,commerce-platform,3694,Synthetic PR #3694,MERGED,2025-09-15T00:00:00Z,2025-09-17T00:00:00Z,2025-09-17T00:00:00Z,False,False,sdunn41,330,110,3,2,5,0,0
heliosdrift,commerce-platform,3545,Synthetic PR #3545,MERGED,2025-09-16T00:00:00Z,2025-09-18T00:00:00Z,2025-09-18T00:00:00Z,False,False,jrivera79,180,60,2,1,2,0,0
heliosdrift,commerce-platform,3728,Synthetic PR #3728,MERGED,2025-09-17T00:00:00Z,2025-09-19T00:00:00Z,2025-09-19T00:00:00Z,False,False,sdunn41,330,110,3,2,4,0,0
heliosdrift,commerce-platform,3738,Synthetic PR #3738,MERGED,2025-09-18T00:00:00Z,2025-09-20T00:00:00Z,2025-09-20T00:00:00Z,False,False,dcombs39,180,60,2,1,1,0,0
heliosdrift,commerce-platform,3751,Synthetic PR #3751,MERGED,2025-09-19T00:00:00Z,2025-09-21T00:00:00Z,2025-09-21T00:00:00Z,False,False,mchapman99,60,20,1,1,1,0,0
heliosdrift,commerce-platform,3739,Synthetic PR #3739,MERGED,2025-09-20T00:00:00Z,2025-09-22T00:00:00Z,2025-09-22T00:00:00Z,False,False,sdunn41,30,10,1,1,1,0,0
heliosdrift,commerce-platform,3766,Synthetic PR #3766,MERGED,2025-09-21T00:00:00Z,2025-09-23T00:00:00Z,2025-09-23T00:00:00Z,False,False,sdunn41,120,40,1,1,3,0,0
heliosdrift,commerce-platform,3725,Synthetic PR #3725,MERGED,2025-09-22T00:00:00Z,2025-09-24T00:00:00Z,2025-09-24T00:00:00Z,False,False,wanderson81,270,90,3,2,2,0,0
heliosdrift,commerce-platform,3768,Synthetic PR #3768,MERGED,2025-09-23T00:00:00Z,2025-09-25T00:00:00Z,2025-09-25T00:00:00Z,False,False,sdunn41,330,110,3,2,2,0,0
heliosdrift,commerce-platform,3777,Synthetic PR #3777,MERGED,2025-09-24T00:00:00Z,2025-09-26T00:00:00Z,2025-09-26T00:00:00Z,False,False,sdunn41,60,20,1,1,2,0,0
heliosdrift,commerce-platform,3797,Synthetic PR #3797,MERGED,2025-09-25T00:00:00Z,2025-09-27T00:00:00Z,2025-09-27T00:00:00Z,False,False,sdunn41,240,80,2,2,3,0,0
heliosdrift,commerce-platform,3785,Synthetic PR #3785,MERGED,2025-09-26T00:00:00Z,2025-09-28T00:00:00Z,2025-09-28T00:00:00Z,False,False,sdunn41,90,30,1,1,2,0,0
heliosdrift,commerce-platform,3807,Synthetic PR #3807,MERGED,2025-09-27T00:00:00Z,2025-09-29T00:00:00Z,2025-09-29T00:00:00Z,False,False,sdunn41,90,30,1,1,2,0,0
heliosdrift,commerce-platform,3811,Synthetic PR #3811,MERGED,2025-09-28T00:00:00Z,2025-09-30T00:00:00Z,2025-09-30T00:00:00Z,False,False,sdunn41,480,160,5,4,4,0,0
heliosdrift,commerce-platform,3740,Synthetic PR #3740,MERGED,2025-09-29T00:00:00Z,2025-10-01T00:00:00Z,2025-10-01T00:00:00Z,False,False,sdunn41,330,110,3,2,1,0,0
heliosdrift,commerce-platform,3822,Synthetic PR #3822,MERGED,2025-09-30T00:00:00Z,2025-10-02T00:00:00Z,2025-10-02T00:00:00Z,False,False,bsmith79,90,30,1,1,3,0,0
heliosdrift,commerce-platform,3835,Synthetic PR #3835,MERGED,2025-10-01T00:00:00Z,2025-10-03T00:00:00Z,2025-10-03T00:00:00Z,False,False,scook74,900,300,10,7,4,0,0
heliosdrift,commerce-platform,3842,Synthetic PR #3842,MERGED,2025-10-02T00:00:00Z,2025-10-04T00:00:00Z,2025-10-04T00:00:00Z,False,False,wanderson81,120,40,1,1,3,0,0
heliosdrift,commerce-platform,3880,Synthetic PR #3880,MERGED,2025-10-03T00:00:00Z,2025-10-05T00:00:00Z,2025-10-05T00:00:00Z,False,False,mmeyer27,60,20,1,1,2,0,0
heliosdrift,commerce-platform,3892,Synthetic PR #3892,MERGED,2025-10-04T00:00:00Z,2025-10-06T00:00:00Z,2025-10-06T00:00:00Z,False,False,bwebster87,60,20,1,1,1,0,0
heliosdrift,commerce-platform,3984,Synthetic PR #3984,MERGED,2025-10-05T00:00:00Z,2025-10-07T00:00:00Z,2025-10-07T00:00:00Z,False,False,sdunn41,60,20,1,1,1,0,0
heliosdrift,commerce-platform,4010,Synthetic PR #4010,MERGED,2025-10-06T00:00:00Z,2025-10-08T00:00:00Z,2025-10-08T00:00:00Z,False,False,sdunn41,60,20,1,1,2,0,0
heliosdrift,commerce-platform,4025,Synthetic PR #4025,MERGED,2025-10-07T00:00:00Z,2025-10-09T00:00:00Z,2025-10-09T00:00:00Z,False,False,dcombs39,60,20,1,1,1,0,0
heliosdrift,commerce-platform,4026,Synthetic PR #4026,MERGED,2025-10-08T00:00:00Z,2025-10-10T00:00:00Z,2025-10-10T00:00:00Z,False,False,dcombs39,90,30,1,1,2,0,0
